"country_code","canonical_category_id","canonical_category_slug","canonical_category_name","canonical_subservice_id","canonical_subservice_slug","canonical_subservice_name","live_catalog_active","gold_master_scope_keys","gold_master_service_scopes","proposed_requirement_labels","proposed_requirement_status","source_reference_ids","source_urls","source_archive_reference","source_archive_sha256","regulation_name","article_annex_exception","official_gazette_date_number","effective_date","source_status","legal_review_status","authority_and_permitted_method","connector_status","verification_subjects","automatic_authority_verification","capability_readiness","counsel_reviewer_name","counsel_reviewer_role","counsel_reviewed_at","counsel_decision","counsel_evidence_hash","counsel_notes"
"TR","1","plumbing","Su Tesisatı","15","leak-repair","Su Kaçağı Onarımı","true","plumbing:2","Su Tesisatı — Bakım / arıza / onarım","21UY0447-4 Sıhhi Tesisat Bakım Onarım ve Servis Elemanı (Seviye 4) | İlgili MEB ustalık/diploma","CONDITIONAL_OR_UNKNOWN_COUNSEL_TO_CONFIRM","MYK_QUALIFICATIONS | MYK_MANDATORY | MEB_MASTER","https://portal.myk.gov.tr/index.php?option=com_yeterlilik&view=arama | https://portal.myk.gov.tr/index.php?belge_zorunlu=1&option=com_yeterlilik&view=arama | https://www.turkiye.gov.tr/milli-egitim-kalfalik-ustalik-usta-ogrencilik-ve-is-yeri-acma-belgesi-sorgulama","TR-GOLD-2026-08-13-v1.0; country pack sha256=3f901161467c6ce2f8b9362de4d576f8d267dc3fdcbf281cbcf45af7f017175e; registry sha256=b23407320589806933bfb6b5057545d7f5c7d660296083b323f5d2b5cb4077c4; public retrieval notes=TR_PUBLIC_SOURCE_RETRIEVAL_NOTES.md","b23407320589806933bfb6b5057545d7f5c7d660296083b323f5d2b5cb4077c4","COUNSEL_REQUIRED — do not infer from research pack","COUNSEL_REQUIRED","COUNSEL_REQUIRED","COUNSEL_REQUIRED","SOURCE_UNVERIFIED","LEGAL_REVIEW_REQUIRED","MYK/MEB issuer doğrulaması veya kullanıcı yetkili barkodlu belge; API/contract yok => PENDING","PENDING_OFFICIAL_AUTHORIZATION","PERSON|BUSINESS|QUALIFIED_MANAGER|DRIVER|VEHICLE|OPERATOR|SITE|PROJECT — apply only when counsel marks applicable","FALSE","BLOCKED_LEGAL_REVIEW","","","","","",""
"TR","1","plumbing","Su Tesisatı","28","clogged-drain","Tıkanıklık Açma","true","UNMAPPED_LIVE_SUBSERVICE","No exact Gold Master scope mapping","UNKNOWN — counsel must determine","CONDITIONAL_OR_UNKNOWN_COUNSEL_TO_CONFIRM","NONE","NONE","TR-GOLD-2026-08-13-v1.0; country pack sha256=3f901161467c6ce2f8b9362de4d576f8d267dc3fdcbf281cbcf45af7f017175e; registry sha256=b23407320589806933bfb6b5057545d7f5c7d660296083b323f5d2b5cb4077c4; public retrieval notes=TR_PUBLIC_SOURCE_RETRIEVAL_NOTES.md","b23407320589806933bfb6b5057545d7f5c7d660296083b323f5d2b5cb4077c4","COUNSEL_REQUIRED — do not infer from research pack","COUNSEL_REQUIRED","COUNSEL_REQUIRED","COUNSEL_REQUIRED","LEGAL_REVIEW_REQUIRED","LEGAL_REVIEW_REQUIRED","Yetkili kurum veya kayıtlı yetkili manuel teyit gerekli; connector NOT_CONFIGURED","NOT_CONFIGURED","PERSON|BUSINESS|QUALIFIED_MANAGER|DRIVER|VEHICLE|OPERATOR|SITE|PROJECT — apply only when counsel marks applicable","FALSE","BLOCKED_LEGAL_REVIEW","","","","","",""
"TR","1","plumbing","Su Tesisatı","40","boiler-piping","Kombi ve Tesisat","true","heating:3","Kombi & Isıtma — Doğal gaz iç tesisat borulama/bağlantı/test/bakım","11UY0031-3 Isıtma ve Doğal Gaz İç Tesisat Yapım Personeli – kişi kapsamı | EPDK/dağıtım sistemi İç Tesisat ve Servis Hatları Sertifikası / ilgili sertifika modeli | İlgili doğal gaz dağıtım şirketi proje/onay/test/işletmeye alma şartları","CONDITIONAL_OR_UNKNOWN_COUNSEL_TO_CONFIRM","EPDK_GAS | MYK_QUALIFICATIONS","https://www.epdk.gov.tr/Detay/Icerik/3-0-81/dogal-gazsertifika-islemleri | https://portal.myk.gov.tr/index.php?option=com_yeterlilik&view=arama","TR-GOLD-2026-08-13-v1.0; country pack sha256=3f901161467c6ce2f8b9362de4d576f8d267dc3fdcbf281cbcf45af7f017175e; registry sha256=b23407320589806933bfb6b5057545d7f5c7d660296083b323f5d2b5cb4077c4; public retrieval notes=TR_PUBLIC_SOURCE_RETRIEVAL_NOTES.md","b23407320589806933bfb6b5057545d7f5c7d660296083b323f5d2b5cb4077c4","COUNSEL_REQUIRED — do not infer from research pack","COUNSEL_REQUIRED","COUNSEL_REQUIRED","COUNSEL_REQUIRED","SOURCE_UNVERIFIED","LEGAL_REVIEW_REQUIRED","MYK/MEB issuer doğrulaması veya kullanıcı yetkili barkodlu belge; API/contract yok => PENDING","PENDING_OFFICIAL_AUTHORIZATION","PERSON|BUSINESS|QUALIFIED_MANAGER|DRIVER|VEHICLE|OPERATOR|SITE|PROJECT — apply only when counsel marks applicable","FALSE","BLOCKED_LEGAL_REVIEW","","","","","",""
"TR","1","plumbing","Su Tesisatı","52","faucet-installation","Musluk ve Batarya","true","plumbing:1","Su Tesisatı — Sıhhi tesisat montajı / yeni hat / armatür","21UY0448-3 Sıhhi Tesisatçı (Seviye 3) | İlgili MEB ustalık belgesi / mevzuatça kabul edilen diploma-muafiyet","CONDITIONAL_OR_REQUIRED_COUNSEL_TO_CONFIRM","MYK_QUALIFICATIONS | MYK_MANDATORY | MYK_EXEMPTION | MEB_MASTER","https://portal.myk.gov.tr/index.php?option=com_yeterlilik&view=arama | https://portal.myk.gov.tr/index.php?belge_zorunlu=1&option=com_yeterlilik&view=arama | https://www.myk.gov.tr/tr/haberler/yeterlilik/belge-zorunluluuna-ilikin-skca-sorulan-sorular | https://www.turkiye.gov.tr/milli-egitim-kalfalik-ustalik-usta-ogrencilik-ve-is-yeri-acma-belgesi-sorgulama","TR-GOLD-2026-08-13-v1.0; country pack sha256=3f901161467c6ce2f8b9362de4d576f8d267dc3fdcbf281cbcf45af7f017175e; registry sha256=b23407320589806933bfb6b5057545d7f5c7d660296083b323f5d2b5cb4077c4; public retrieval notes=TR_PUBLIC_SOURCE_RETRIEVAL_NOTES.md","b23407320589806933bfb6b5057545d7f5c7d660296083b323f5d2b5cb4077c4","COUNSEL_REQUIRED — do not infer from research pack","COUNSEL_REQUIRED","COUNSEL_REQUIRED","COUNSEL_REQUIRED","SOURCE_UNVERIFIED","LEGAL_REVIEW_REQUIRED","MYK/MEB issuer doğrulaması veya kullanıcı yetkili barkodlu belge; API/contract yok => PENDING","PENDING_OFFICIAL_AUTHORIZATION","PERSON|BUSINESS|QUALIFIED_MANAGER|DRIVER|VEHICLE|OPERATOR|SITE|PROJECT — apply only when counsel marks applicable","FALSE","BLOCKED_LEGAL_REVIEW","","","","","",""
"TR","2","electrical","Elektrik","1","fault-repair","Elektrik Arızası","true","electrical:1","Elektrik — Konut iç tesisat / priz / anahtar / aydınlatma / arıza","15UY0241-3 Elektrik Tesisatçısı (Seviye 3) | 15UY0241-4 Elektrik Tesisatçısı (Seviye 4) | 17UY0288-5 Elektrik Tesisatçısı (Seviye 5) – kapsam göre | İlgili MEB ustalık/diploma-muafiyet | Fen adamı yetki sınırı – iş kapsamı/bağlantı gücü gerektiriyorsa","CONDITIONAL_OR_REQUIRED_COUNSEL_TO_CONFIRM","MYK_MANDATORY | MYK_QUALIFICATIONS | MYK_EXEMPTION | MEB_MASTER | ELECTRIC_2026","https://portal.myk.gov.tr/index.php?belge_zorunlu=1&option=com_yeterlilik&view=arama | https://portal.myk.gov.tr/index.php?option=com_yeterlilik&view=arama | https://www.myk.gov.tr/tr/haberler/yeterlilik/belge-zorunluluuna-ilikin-skca-sorulan-sorular | https://www.turkiye.gov.tr/milli-egitim-kalfalik-ustalik-usta-ogrencilik-ve-is-yeri-acma-belgesi-sorgulama | https://meslekihizmetler.csb.gov.tr/haberler/elektrik-ile-ilgili-fen-adamlarinin-yetkileri-yeniden-belirlendi-302595","TR-GOLD-2026-08-13-v1.0; country pack sha256=3f901161467c6ce2f8b9362de4d576f8d267dc3fdcbf281cbcf45af7f017175e; registry sha256=b23407320589806933bfb6b5057545d7f5c7d660296083b323f5d2b5cb4077c4; public retrieval notes=TR_PUBLIC_SOURCE_RETRIEVAL_NOTES.md","b23407320589806933bfb6b5057545d7f5c7d660296083b323f5d2b5cb4077c4","COUNSEL_REQUIRED — do not infer from research pack","COUNSEL_REQUIRED","COUNSEL_REQUIRED","COUNSEL_REQUIRED","SOURCE_UNVERIFIED","LEGAL_REVIEW_REQUIRED","MYK/MEB issuer doğrulaması veya kullanıcı yetkili barkodlu belge; API/contract yok => PENDING","PENDING_OFFICIAL_AUTHORIZATION","PERSON|BUSINESS|QUALIFIED_MANAGER|DRIVER|VEHICLE|OPERATOR|SITE|PROJECT — apply only when counsel marks applicable","FALSE","BLOCKED_LEGAL_REVIEW","","","","","",""
"TR","2","electrical","Elektrik","2","fixture-installation","Aydınlatma Montajı","true","UNMAPPED_LIVE_SUBSERVICE","No exact Gold Master scope mapping","UNKNOWN — counsel must determine","CONDITIONAL_OR_UNKNOWN_COUNSEL_TO_CONFIRM","NONE","NONE","TR-GOLD-2026-08-13-v1.0; country pack sha256=3f901161467c6ce2f8b9362de4d576f8d267dc3fdcbf281cbcf45af7f017175e; registry sha256=b23407320589806933bfb6b5057545d7f5c7d660296083b323f5d2b5cb4077c4; public retrieval notes=TR_PUBLIC_SOURCE_RETRIEVAL_NOTES.md","b23407320589806933bfb6b5057545d7f5c7d660296083b323f5d2b5cb4077c4","COUNSEL_REQUIRED — do not infer from research pack","COUNSEL_REQUIRED","COUNSEL_REQUIRED","COUNSEL_REQUIRED","LEGAL_REVIEW_REQUIRED","LEGAL_REVIEW_REQUIRED","Yetkili kurum veya kayıtlı yetkili manuel teyit gerekli; connector NOT_CONFIGURED","NOT_CONFIGURED","PERSON|BUSINESS|QUALIFIED_MANAGER|DRIVER|VEHICLE|OPERATOR|SITE|PROJECT — apply only when counsel marks applicable","FALSE","BLOCKED_LEGAL_REVIEW","","","","","",""
"TR","2","electrical","Elektrik","3","panel-renewal","Pano Yenileme","true","electrical:2","Elektrik — Pano / yeni-esaslı tesisat / proje-yetki sınırı doğuran iş","Uygun seviye elektrik yeterliliği | Fen adamı/mühendis yetkisi – işin kapsamı gerektiriyorsa | Dağıtım/proje süreci – uygulanıyorsa","CONDITIONAL_OR_UNKNOWN_COUNSEL_TO_CONFIRM","NONE","NONE","TR-GOLD-2026-08-13-v1.0; country pack sha256=3f901161467c6ce2f8b9362de4d576f8d267dc3fdcbf281cbcf45af7f017175e; registry sha256=b23407320589806933bfb6b5057545d7f5c7d660296083b323f5d2b5cb4077c4; public retrieval notes=TR_PUBLIC_SOURCE_RETRIEVAL_NOTES.md","b23407320589806933bfb6b5057545d7f5c7d660296083b323f5d2b5cb4077c4","COUNSEL_REQUIRED — do not infer from research pack","COUNSEL_REQUIRED","COUNSEL_REQUIRED","COUNSEL_REQUIRED","SOURCE_UNVERIFIED","LEGAL_REVIEW_REQUIRED","Yetkili kurum veya kayıtlı yetkili manuel teyit gerekli; connector NOT_CONFIGURED","NOT_CONFIGURED","PERSON|BUSINESS|QUALIFIED_MANAGER|DRIVER|VEHICLE|OPERATOR|SITE|PROJECT — apply only when counsel marks applicable","FALSE","BLOCKED_LEGAL_REVIEW","","","","","",""
"TR","2","electrical","Elektrik","16","smart-home-electrical","Akıllı Ev Elektriği","true","UNMAPPED_LIVE_SUBSERVICE","No exact Gold Master scope mapping","UNKNOWN — counsel must determine","CONDITIONAL_OR_UNKNOWN_COUNSEL_TO_CONFIRM","NONE","NONE","TR-GOLD-2026-08-13-v1.0; country pack sha256=3f901161467c6ce2f8b9362de4d576f8d267dc3fdcbf281cbcf45af7f017175e; registry sha256=b23407320589806933bfb6b5057545d7f5c7d660296083b323f5d2b5cb4077c4; public retrieval notes=TR_PUBLIC_SOURCE_RETRIEVAL_NOTES.md","b23407320589806933bfb6b5057545d7f5c7d660296083b323f5d2b5cb4077c4","COUNSEL_REQUIRED — do not infer from research pack","COUNSEL_REQUIRED","COUNSEL_REQUIRED","COUNSEL_REQUIRED","LEGAL_REVIEW_REQUIRED","LEGAL_REVIEW_REQUIRED","Yetkili kurum veya kayıtlı yetkili manuel teyit gerekli; connector NOT_CONFIGURED","NOT_CONFIGURED","PERSON|BUSINESS|QUALIFIED_MANAGER|DRIVER|VEHICLE|OPERATOR|SITE|PROJECT — apply only when counsel marks applicable","FALSE","BLOCKED_LEGAL_REVIEW","","","","","",""
"TR","3","cleaning","Temizlik","4","home-cleaning","Ev Temizliği","true","cleaning:1","Temizlik — Standart ev temizliği","Ortak kimlik/çalışma hakkı/faaliyet statüsü","CONDITIONAL_OR_UNKNOWN_COUNSEL_TO_CONFIRM","NONE","NONE","TR-GOLD-2026-08-13-v1.0; country pack sha256=3f901161467c6ce2f8b9362de4d576f8d267dc3fdcbf281cbcf45af7f017175e; registry sha256=b23407320589806933bfb6b5057545d7f5c7d660296083b323f5d2b5cb4077c4; public retrieval notes=TR_PUBLIC_SOURCE_RETRIEVAL_NOTES.md","b23407320589806933bfb6b5057545d7f5c7d660296083b323f5d2b5cb4077c4","COUNSEL_REQUIRED — do not infer from research pack","COUNSEL_REQUIRED","COUNSEL_REQUIRED","COUNSEL_REQUIRED","SOURCE_UNVERIFIED","LEGAL_REVIEW_REQUIRED","Yetkili kurum veya kayıtlı yetkili manuel teyit gerekli; connector NOT_CONFIGURED","NOT_CONFIGURED","PERSON|BUSINESS|QUALIFIED_MANAGER|DRIVER|VEHICLE|OPERATOR|SITE|PROJECT — apply only when counsel marks applicable","FALSE","BLOCKED_LEGAL_REVIEW","","","","","",""
"TR","3","cleaning","Temizlik","17","move-cleaning","Taşınma Temizliği","true","UNMAPPED_LIVE_SUBSERVICE","No exact Gold Master scope mapping","UNKNOWN — counsel must determine","CONDITIONAL_OR_UNKNOWN_COUNSEL_TO_CONFIRM","NONE","NONE","TR-GOLD-2026-08-13-v1.0; country pack sha256=3f901161467c6ce2f8b9362de4d576f8d267dc3fdcbf281cbcf45af7f017175e; registry sha256=b23407320589806933bfb6b5057545d7f5c7d660296083b323f5d2b5cb4077c4; public retrieval notes=TR_PUBLIC_SOURCE_RETRIEVAL_NOTES.md","b23407320589806933bfb6b5057545d7f5c7d660296083b323f5d2b5cb4077c4","COUNSEL_REQUIRED — do not infer from research pack","COUNSEL_REQUIRED","COUNSEL_REQUIRED","COUNSEL_REQUIRED","LEGAL_REVIEW_REQUIRED","LEGAL_REVIEW_REQUIRED","Yetkili kurum veya kayıtlı yetkili manuel teyit gerekli; connector NOT_CONFIGURED","NOT_CONFIGURED","PERSON|BUSINESS|QUALIFIED_MANAGER|DRIVER|VEHICLE|OPERATOR|SITE|PROJECT — apply only when counsel marks applicable","FALSE","BLOCKED_LEGAL_REVIEW","","","","","",""
"TR","3","cleaning","Temizlik","29","office-cleaning","Ofis Temizliği","true","UNMAPPED_LIVE_SUBSERVICE","No exact Gold Master scope mapping","UNKNOWN — counsel must determine","CONDITIONAL_OR_UNKNOWN_COUNSEL_TO_CONFIRM","NONE","NONE","TR-GOLD-2026-08-13-v1.0; country pack sha256=3f901161467c6ce2f8b9362de4d576f8d267dc3fdcbf281cbcf45af7f017175e; registry sha256=b23407320589806933bfb6b5057545d7f5c7d660296083b323f5d2b5cb4077c4; public retrieval notes=TR_PUBLIC_SOURCE_RETRIEVAL_NOTES.md","b23407320589806933bfb6b5057545d7f5c7d660296083b323f5d2b5cb4077c4","COUNSEL_REQUIRED — do not infer from research pack","COUNSEL_REQUIRED","COUNSEL_REQUIRED","COUNSEL_REQUIRED","LEGAL_REVIEW_REQUIRED","LEGAL_REVIEW_REQUIRED","Yetkili kurum veya kayıtlı yetkili manuel teyit gerekli; connector NOT_CONFIGURED","NOT_CONFIGURED","PERSON|BUSINESS|QUALIFIED_MANAGER|DRIVER|VEHICLE|OPERATOR|SITE|PROJECT — apply only when counsel marks applicable","FALSE","BLOCKED_LEGAL_REVIEW","","","","","",""
"TR","3","cleaning","Temizlik","41","deep-cleaning","Derin Temizlik","true","UNMAPPED_LIVE_SUBSERVICE","No exact Gold Master scope mapping","UNKNOWN — counsel must determine","CONDITIONAL_OR_UNKNOWN_COUNSEL_TO_CONFIRM","NONE","NONE","TR-GOLD-2026-08-13-v1.0; country pack sha256=3f901161467c6ce2f8b9362de4d576f8d267dc3fdcbf281cbcf45af7f017175e; registry sha256=b23407320589806933bfb6b5057545d7f5c7d660296083b323f5d2b5cb4077c4; public retrieval notes=TR_PUBLIC_SOURCE_RETRIEVAL_NOTES.md","b23407320589806933bfb6b5057545d7f5c7d660296083b323f5d2b5cb4077c4","COUNSEL_REQUIRED — do not infer from research pack","COUNSEL_REQUIRED","COUNSEL_REQUIRED","COUNSEL_REQUIRED","LEGAL_REVIEW_REQUIRED","LEGAL_REVIEW_REQUIRED","Yetkili kurum veya kayıtlı yetkili manuel teyit gerekli; connector NOT_CONFIGURED","NOT_CONFIGURED","PERSON|BUSINESS|QUALIFIED_MANAGER|DRIVER|VEHICLE|OPERATOR|SITE|PROJECT — apply only when counsel marks applicable","FALSE","BLOCKED_LEGAL_REVIEW","","","","","",""
"TR","4","hvac","Klima/Isıtma","5","ac-installation","Klima Montajı","true","air_conditioning:2","Klima — Montaj / demontaj / servis","18UY0376-3 Bireysel ve Ticari Klima Sistemleri Montajcısı | 18UY0377-4 Bireysel ve Ticari Klima Sistemleri Montaj ve Servis Elemanı | 18UY0378-5 Bireysel, Ticari ve Değişken Debili Klima Sistemleri Uzmanı – ileri kapsam","CONDITIONAL_OR_UNKNOWN_COUNSEL_TO_CONFIRM","MYK_QUALIFICATIONS","https://portal.myk.gov.tr/index.php?option=com_yeterlilik&view=arama","TR-GOLD-2026-08-13-v1.0; country pack sha256=3f901161467c6ce2f8b9362de4d576f8d267dc3fdcbf281cbcf45af7f017175e; registry sha256=b23407320589806933bfb6b5057545d7f5c7d660296083b323f5d2b5cb4077c4; public retrieval notes=TR_PUBLIC_SOURCE_RETRIEVAL_NOTES.md","b23407320589806933bfb6b5057545d7f5c7d660296083b323f5d2b5cb4077c4","COUNSEL_REQUIRED — do not infer from research pack","COUNSEL_REQUIRED","COUNSEL_REQUIRED","COUNSEL_REQUIRED","SOURCE_UNVERIFIED","LEGAL_REVIEW_REQUIRED","MYK/MEB issuer doğrulaması veya kullanıcı yetkili barkodlu belge; API/contract yok => PENDING","PENDING_OFFICIAL_AUTHORIZATION","PERSON|BUSINESS|QUALIFIED_MANAGER|DRIVER|VEHICLE|OPERATOR|SITE|PROJECT — apply only when counsel marks applicable","FALSE","BLOCKED_LEGAL_REVIEW","","","","","",""
"TR","4","hvac","Klima/Isıtma","18","radiator-heating","Petek ve Isıtma","true","heating:1","Kombi & Isıtma — Isıtma tesisatı bakım-onarım/servis","21UY0446-3 Isıtma Tesisat Bakım Onarım ve Servis Elemanı | 22UY0481-5 Isıtma Sistemleri Servis Uzmanı – ileri kapsam | İlgili MEB ustalık/diploma","CONDITIONAL_OR_UNKNOWN_COUNSEL_TO_CONFIRM","MYK_QUALIFICATIONS | MYK_MANDATORY | MYK_EXEMPTION | MEB_MASTER","https://portal.myk.gov.tr/index.php?option=com_yeterlilik&view=arama | https://portal.myk.gov.tr/index.php?belge_zorunlu=1&option=com_yeterlilik&view=arama | https://www.myk.gov.tr/tr/haberler/yeterlilik/belge-zorunluluuna-ilikin-skca-sorulan-sorular | https://www.turkiye.gov.tr/milli-egitim-kalfalik-ustalik-usta-ogrencilik-ve-is-yeri-acma-belgesi-sorgulama","TR-GOLD-2026-08-13-v1.0; country pack sha256=3f901161467c6ce2f8b9362de4d576f8d267dc3fdcbf281cbcf45af7f017175e; registry sha256=b23407320589806933bfb6b5057545d7f5c7d660296083b323f5d2b5cb4077c4; public retrieval notes=TR_PUBLIC_SOURCE_RETRIEVAL_NOTES.md","b23407320589806933bfb6b5057545d7f5c7d660296083b323f5d2b5cb4077c4","COUNSEL_REQUIRED — do not infer from research pack","COUNSEL_REQUIRED","COUNSEL_REQUIRED","COUNSEL_REQUIRED","SOURCE_UNVERIFIED","LEGAL_REVIEW_REQUIRED","MYK/MEB issuer doğrulaması veya kullanıcı yetkili barkodlu belge; API/contract yok => PENDING","PENDING_OFFICIAL_AUTHORIZATION","PERSON|BUSINESS|QUALIFIED_MANAGER|DRIVER|VEHICLE|OPERATOR|SITE|PROJECT — apply only when counsel marks applicable","FALSE","BLOCKED_LEGAL_REVIEW","","","","","",""
"TR","4","hvac","Klima/Isıtma","30","boiler-maintenance","Kombi Bakımı","true","heating:2","Kombi & Isıtma — Gaz yakıcı cihaz/kombi servis","21UY0446-3 ilgili gaz yakıcı cihaz kapsamı | 22UY0481-5 uygun kapsam | SERBİS yalnız marka 'yetkili servis' iddiası varsa","CONDITIONAL_OR_UNKNOWN_COUNSEL_TO_CONFIRM","MYK_QUALIFICATIONS | SERBIS","https://portal.myk.gov.tr/index.php?option=com_yeterlilik&view=arama | https://www.servis.gov.tr/Genel/Sorgu","TR-GOLD-2026-08-13-v1.0; country pack sha256=3f901161467c6ce2f8b9362de4d576f8d267dc3fdcbf281cbcf45af7f017175e; registry sha256=b23407320589806933bfb6b5057545d7f5c7d660296083b323f5d2b5cb4077c4; public retrieval notes=TR_PUBLIC_SOURCE_RETRIEVAL_NOTES.md","b23407320589806933bfb6b5057545d7f5c7d660296083b323f5d2b5cb4077c4","COUNSEL_REQUIRED — do not infer from research pack","COUNSEL_REQUIRED","COUNSEL_REQUIRED","COUNSEL_REQUIRED","SOURCE_UNVERIFIED","LEGAL_REVIEW_REQUIRED","MYK/MEB issuer doğrulaması veya kullanıcı yetkili barkodlu belge; API/contract yok => PENDING","PENDING_OFFICIAL_AUTHORIZATION","PERSON|BUSINESS|QUALIFIED_MANAGER|DRIVER|VEHICLE|OPERATOR|SITE|PROJECT — apply only when counsel marks applicable","FALSE","BLOCKED_LEGAL_REVIEW","","","","","",""
"TR","4","hvac","Klima/Isıtma","53","ac-maintenance","Klima Bakımı","true","air_conditioning:1","Klima — Filtre/dış temizlik – soğutucu devreye müdahale yok","18UY0377-4 varsa doğrulanmış kalite/kabiliyet göstergesi; tek başına 'kanunen zorunlu' varsayma","CONDITIONAL_OR_UNKNOWN_COUNSEL_TO_CONFIRM","MYK_QUALIFICATIONS","https://portal.myk.gov.tr/index.php?option=com_yeterlilik&view=arama","TR-GOLD-2026-08-13-v1.0; country pack sha256=3f901161467c6ce2f8b9362de4d576f8d267dc3fdcbf281cbcf45af7f017175e; registry sha256=b23407320589806933bfb6b5057545d7f5c7d660296083b323f5d2b5cb4077c4; public retrieval notes=TR_PUBLIC_SOURCE_RETRIEVAL_NOTES.md","b23407320589806933bfb6b5057545d7f5c7d660296083b323f5d2b5cb4077c4","COUNSEL_REQUIRED — do not infer from research pack","COUNSEL_REQUIRED","COUNSEL_REQUIRED","COUNSEL_REQUIRED","SOURCE_UNVERIFIED","LEGAL_REVIEW_REQUIRED","MYK/MEB issuer doğrulaması veya kullanıcı yetkili barkodlu belge; API/contract yok => PENDING","PENDING_OFFICIAL_AUTHORIZATION","PERSON|BUSINESS|QUALIFIED_MANAGER|DRIVER|VEHICLE|OPERATOR|SITE|PROJECT — apply only when counsel marks applicable","FALSE","BLOCKED_LEGAL_REVIEW","","","","","",""
"TR","5","locksmith","Çilingir","6","lock-replacement","Kilit Değişimi","true","locksmith:1","Çilingir — Anahtar çoğaltma / kilit montaj-onarım","22UY0530-4 Anahtarcı (Çilingir) (Seviye 4) – güncel zorunluluk kuralına göre | Anahtarcılık ve Çilingirlik MEB Ustalık Belgesi / kabul edilen alternatif","CONDITIONAL_OR_UNKNOWN_COUNSEL_TO_CONFIRM","MYK_QUALIFICATIONS | MYK_MANDATORY | MEB_MASTER","https://portal.myk.gov.tr/index.php?option=com_yeterlilik&view=arama | https://portal.myk.gov.tr/index.php?belge_zorunlu=1&option=com_yeterlilik&view=arama | https://www.turkiye.gov.tr/milli-egitim-kalfalik-ustalik-usta-ogrencilik-ve-is-yeri-acma-belgesi-sorgulama","TR-GOLD-2026-08-13-v1.0; country pack sha256=3f901161467c6ce2f8b9362de4d576f8d267dc3fdcbf281cbcf45af7f017175e; registry sha256=b23407320589806933bfb6b5057545d7f5c7d660296083b323f5d2b5cb4077c4; public retrieval notes=TR_PUBLIC_SOURCE_RETRIEVAL_NOTES.md","b23407320589806933bfb6b5057545d7f5c7d660296083b323f5d2b5cb4077c4","COUNSEL_REQUIRED — do not infer from research pack","COUNSEL_REQUIRED","COUNSEL_REQUIRED","COUNSEL_REQUIRED","SOURCE_UNVERIFIED","LEGAL_REVIEW_REQUIRED","MYK/MEB issuer doğrulaması veya kullanıcı yetkili barkodlu belge; API/contract yok => PENDING","PENDING_OFFICIAL_AUTHORIZATION","PERSON|BUSINESS|QUALIFIED_MANAGER|DRIVER|VEHICLE|OPERATOR|SITE|PROJECT — apply only when counsel marks applicable","FALSE","BLOCKED_LEGAL_REVIEW","","","","","",""
"TR","5","locksmith","Çilingir","42","door-opening","Kapı Açma","true","locksmith:2","Çilingir — Konut/işyeri acil kapı açma","Doğrulanmış çilingir kabiliyeti | Müşterinin kimliği | Mülkiyet/kullanım/erişim yetkisi kanıtı veya denetlenebilir beyan","CONDITIONAL_OR_UNKNOWN_COUNSEL_TO_CONFIRM","NONE","NONE","TR-GOLD-2026-08-13-v1.0; country pack sha256=3f901161467c6ce2f8b9362de4d576f8d267dc3fdcbf281cbcf45af7f017175e; registry sha256=b23407320589806933bfb6b5057545d7f5c7d660296083b323f5d2b5cb4077c4; public retrieval notes=TR_PUBLIC_SOURCE_RETRIEVAL_NOTES.md","b23407320589806933bfb6b5057545d7f5c7d660296083b323f5d2b5cb4077c4","COUNSEL_REQUIRED — do not infer from research pack","COUNSEL_REQUIRED","COUNSEL_REQUIRED","COUNSEL_REQUIRED","SOURCE_UNVERIFIED","LEGAL_REVIEW_REQUIRED","Yetkili kurum veya kayıtlı yetkili manuel teyit gerekli; connector NOT_CONFIGURED","NOT_CONFIGURED","PERSON|BUSINESS|QUALIFIED_MANAGER|DRIVER|VEHICLE|OPERATOR|SITE|PROJECT — apply only when counsel marks applicable","FALSE","BLOCKED_LEGAL_REVIEW","","","","","",""
"TR","5","locksmith","Çilingir","54","car-locksmith","Oto Çilingir","true","locksmith:3 | roadside_assistance:5","Çilingir — Araç kilidi açma | Yol Yardım — Araç kilidi açma","Doğrulanmış çilingir kabiliyeti | Araç sahibi/kullanıcı yetkisi kanıtı","CONDITIONAL_OR_UNKNOWN_COUNSEL_TO_CONFIRM","NONE","NONE","TR-GOLD-2026-08-13-v1.0; country pack sha256=3f901161467c6ce2f8b9362de4d576f8d267dc3fdcbf281cbcf45af7f017175e; registry sha256=b23407320589806933bfb6b5057545d7f5c7d660296083b323f5d2b5cb4077c4; public retrieval notes=TR_PUBLIC_SOURCE_RETRIEVAL_NOTES.md","b23407320589806933bfb6b5057545d7f5c7d660296083b323f5d2b5cb4077c4","COUNSEL_REQUIRED — do not infer from research pack","COUNSEL_REQUIRED","COUNSEL_REQUIRED","COUNSEL_REQUIRED","SOURCE_UNVERIFIED","LEGAL_REVIEW_REQUIRED","Yetkili kurum veya kayıtlı yetkili manuel teyit gerekli; connector NOT_CONFIGURED","NOT_CONFIGURED","PERSON|BUSINESS|QUALIFIED_MANAGER|DRIVER|VEHICLE|OPERATOR|SITE|PROJECT — apply only when counsel marks applicable","FALSE","BLOCKED_LEGAL_REVIEW","","","","","",""
"TR","6","painting","Boyacı","7","plastering","Alçı ve Sıva","true","UNMAPPED_LIVE_SUBSERVICE","No exact Gold Master scope mapping","UNKNOWN — counsel must determine","CONDITIONAL_OR_UNKNOWN_COUNSEL_TO_CONFIRM","NONE","NONE","TR-GOLD-2026-08-13-v1.0; country pack sha256=3f901161467c6ce2f8b9362de4d576f8d267dc3fdcbf281cbcf45af7f017175e; registry sha256=b23407320589806933bfb6b5057545d7f5c7d660296083b323f5d2b5cb4077c4; public retrieval notes=TR_PUBLIC_SOURCE_RETRIEVAL_NOTES.md","b23407320589806933bfb6b5057545d7f5c7d660296083b323f5d2b5cb4077c4","COUNSEL_REQUIRED — do not infer from research pack","COUNSEL_REQUIRED","COUNSEL_REQUIRED","COUNSEL_REQUIRED","LEGAL_REVIEW_REQUIRED","LEGAL_REVIEW_REQUIRED","Yetkili kurum veya kayıtlı yetkili manuel teyit gerekli; connector NOT_CONFIGURED","NOT_CONFIGURED","PERSON|BUSINESS|QUALIFIED_MANAGER|DRIVER|VEHICLE|OPERATOR|SITE|PROJECT — apply only when counsel marks applicable","FALSE","BLOCKED_LEGAL_REVIEW","","","","","",""
"TR","6","painting","Boyacı","19","exterior-painting","Dış Cephe Boya","true","UNMAPPED_LIVE_SUBSERVICE","No exact Gold Master scope mapping","UNKNOWN — counsel must determine","CONDITIONAL_OR_UNKNOWN_COUNSEL_TO_CONFIRM","NONE","NONE","TR-GOLD-2026-08-13-v1.0; country pack sha256=3f901161467c6ce2f8b9362de4d576f8d267dc3fdcbf281cbcf45af7f017175e; registry sha256=b23407320589806933bfb6b5057545d7f5c7d660296083b323f5d2b5cb4077c4; public retrieval notes=TR_PUBLIC_SOURCE_RETRIEVAL_NOTES.md","b23407320589806933bfb6b5057545d7f5c7d660296083b323f5d2b5cb4077c4","COUNSEL_REQUIRED — do not infer from research pack","COUNSEL_REQUIRED","COUNSEL_REQUIRED","COUNSEL_REQUIRED","LEGAL_REVIEW_REQUIRED","LEGAL_REVIEW_REQUIRED","Yetkili kurum veya kayıtlı yetkili manuel teyit gerekli; connector NOT_CONFIGURED","NOT_CONFIGURED","PERSON|BUSINESS|QUALIFIED_MANAGER|DRIVER|VEHICLE|OPERATOR|SITE|PROJECT — apply only when counsel marks applicable","FALSE","BLOCKED_LEGAL_REVIEW","","","","","",""
"TR","6","painting","Boyacı","31","interior-painting","İç Cephe Boya","true","painting:1","Boya & Badana — İç/dış cephe inşaat boyacılığı","11UY0023-3 İnşaat Boyacısı (Seviye 3) | MYK muafiyet tablosunda kabul edilen ilgili MEB ustalık/diploma","CONDITIONAL_OR_REQUIRED_COUNSEL_TO_CONFIRM","MYK_MANDATORY | MYK_QUALIFICATIONS | MYK_EXEMPTION | MEB_MASTER","https://portal.myk.gov.tr/index.php?belge_zorunlu=1&option=com_yeterlilik&view=arama | https://portal.myk.gov.tr/index.php?option=com_yeterlilik&view=arama | https://www.myk.gov.tr/tr/haberler/yeterlilik/belge-zorunluluuna-ilikin-skca-sorulan-sorular | https://www.turkiye.gov.tr/milli-egitim-kalfalik-ustalik-usta-ogrencilik-ve-is-yeri-acma-belgesi-sorgulama","TR-GOLD-2026-08-13-v1.0; country pack sha256=3f901161467c6ce2f8b9362de4d576f8d267dc3fdcbf281cbcf45af7f017175e; registry sha256=b23407320589806933bfb6b5057545d7f5c7d660296083b323f5d2b5cb4077c4; public retrieval notes=TR_PUBLIC_SOURCE_RETRIEVAL_NOTES.md","b23407320589806933bfb6b5057545d7f5c7d660296083b323f5d2b5cb4077c4","COUNSEL_REQUIRED — do not infer from research pack","COUNSEL_REQUIRED","COUNSEL_REQUIRED","COUNSEL_REQUIRED","SOURCE_UNVERIFIED","LEGAL_REVIEW_REQUIRED","MYK/MEB issuer doğrulaması veya kullanıcı yetkili barkodlu belge; API/contract yok => PENDING","PENDING_OFFICIAL_AUTHORIZATION","PERSON|BUSINESS|QUALIFIED_MANAGER|DRIVER|VEHICLE|OPERATOR|SITE|PROJECT — apply only when counsel marks applicable","FALSE","BLOCKED_LEGAL_REVIEW","","","","","",""
"TR","6","painting","Boyacı","43","wallpaper","Duvar Kâğıdı","true","UNMAPPED_LIVE_SUBSERVICE","No exact Gold Master scope mapping","UNKNOWN — counsel must determine","CONDITIONAL_OR_UNKNOWN_COUNSEL_TO_CONFIRM","NONE","NONE","TR-GOLD-2026-08-13-v1.0; country pack sha256=3f901161467c6ce2f8b9362de4d576f8d267dc3fdcbf281cbcf45af7f017175e; registry sha256=b23407320589806933bfb6b5057545d7f5c7d660296083b323f5d2b5cb4077c4; public retrieval notes=TR_PUBLIC_SOURCE_RETRIEVAL_NOTES.md","b23407320589806933bfb6b5057545d7f5c7d660296083b323f5d2b5cb4077c4","COUNSEL_REQUIRED — do not infer from research pack","COUNSEL_REQUIRED","COUNSEL_REQUIRED","COUNSEL_REQUIRED","LEGAL_REVIEW_REQUIRED","LEGAL_REVIEW_REQUIRED","Yetkili kurum veya kayıtlı yetkili manuel teyit gerekli; connector NOT_CONFIGURED","NOT_CONFIGURED","PERSON|BUSINESS|QUALIFIED_MANAGER|DRIVER|VEHICLE|OPERATOR|SITE|PROJECT — apply only when counsel marks applicable","FALSE","BLOCKED_LEGAL_REVIEW","","","","","",""
"TR","7","gardening","Bahçe","20","pruning","Budama","true","UNMAPPED_LIVE_SUBSERVICE","No exact Gold Master scope mapping","UNKNOWN — counsel must determine","CONDITIONAL_OR_UNKNOWN_COUNSEL_TO_CONFIRM","NONE","NONE","TR-GOLD-2026-08-13-v1.0; country pack sha256=3f901161467c6ce2f8b9362de4d576f8d267dc3fdcbf281cbcf45af7f017175e; registry sha256=b23407320589806933bfb6b5057545d7f5c7d660296083b323f5d2b5cb4077c4; public retrieval notes=TR_PUBLIC_SOURCE_RETRIEVAL_NOTES.md","b23407320589806933bfb6b5057545d7f5c7d660296083b323f5d2b5cb4077c4","COUNSEL_REQUIRED — do not infer from research pack","COUNSEL_REQUIRED","COUNSEL_REQUIRED","COUNSEL_REQUIRED","LEGAL_REVIEW_REQUIRED","LEGAL_REVIEW_REQUIRED","Yetkili kurum veya kayıtlı yetkili manuel teyit gerekli; connector NOT_CONFIGURED","NOT_CONFIGURED","PERSON|BUSINESS|QUALIFIED_MANAGER|DRIVER|VEHICLE|OPERATOR|SITE|PROJECT — apply only when counsel marks applicable","FALSE","BLOCKED_LEGAL_REVIEW","","","","","",""
"TR","7","gardening","Bahçe","32","landscaping","Peyzaj","true","UNMAPPED_LIVE_SUBSERVICE","No exact Gold Master scope mapping","UNKNOWN — counsel must determine","CONDITIONAL_OR_UNKNOWN_COUNSEL_TO_CONFIRM","NONE","NONE","TR-GOLD-2026-08-13-v1.0; country pack sha256=3f901161467c6ce2f8b9362de4d576f8d267dc3fdcbf281cbcf45af7f017175e; registry sha256=b23407320589806933bfb6b5057545d7f5c7d660296083b323f5d2b5cb4077c4; public retrieval notes=TR_PUBLIC_SOURCE_RETRIEVAL_NOTES.md","b23407320589806933bfb6b5057545d7f5c7d660296083b323f5d2b5cb4077c4","COUNSEL_REQUIRED — do not infer from research pack","COUNSEL_REQUIRED","COUNSEL_REQUIRED","COUNSEL_REQUIRED","LEGAL_REVIEW_REQUIRED","LEGAL_REVIEW_REQUIRED","Yetkili kurum veya kayıtlı yetkili manuel teyit gerekli; connector NOT_CONFIGURED","NOT_CONFIGURED","PERSON|BUSINESS|QUALIFIED_MANAGER|DRIVER|VEHICLE|OPERATOR|SITE|PROJECT — apply only when counsel marks applicable","FALSE","BLOCKED_LEGAL_REVIEW","","","","","",""
"TR","7","gardening","Bahçe","44","irrigation","Sulama Sistemi","true","UNMAPPED_LIVE_SUBSERVICE","No exact Gold Master scope mapping","UNKNOWN — counsel must determine","CONDITIONAL_OR_UNKNOWN_COUNSEL_TO_CONFIRM","NONE","NONE","TR-GOLD-2026-08-13-v1.0; country pack sha256=3f901161467c6ce2f8b9362de4d576f8d267dc3fdcbf281cbcf45af7f017175e; registry sha256=b23407320589806933bfb6b5057545d7f5c7d660296083b323f5d2b5cb4077c4; public retrieval notes=TR_PUBLIC_SOURCE_RETRIEVAL_NOTES.md","b23407320589806933bfb6b5057545d7f5c7d660296083b323f5d2b5cb4077c4","COUNSEL_REQUIRED — do not infer from research pack","COUNSEL_REQUIRED","COUNSEL_REQUIRED","COUNSEL_REQUIRED","LEGAL_REVIEW_REQUIRED","LEGAL_REVIEW_REQUIRED","Yetkili kurum veya kayıtlı yetkili manuel teyit gerekli; connector NOT_CONFIGURED","NOT_CONFIGURED","PERSON|BUSINESS|QUALIFIED_MANAGER|DRIVER|VEHICLE|OPERATOR|SITE|PROJECT — apply only when counsel marks applicable","FALSE","BLOCKED_LEGAL_REVIEW","","","","","",""
"TR","7","gardening","Bahçe","55","garden-maintenance","Bahçe Bakımı","true","UNMAPPED_LIVE_SUBSERVICE","No exact Gold Master scope mapping","UNKNOWN — counsel must determine","CONDITIONAL_OR_UNKNOWN_COUNSEL_TO_CONFIRM","NONE","NONE","TR-GOLD-2026-08-13-v1.0; country pack sha256=3f901161467c6ce2f8b9362de4d576f8d267dc3fdcbf281cbcf45af7f017175e; registry sha256=b23407320589806933bfb6b5057545d7f5c7d660296083b323f5d2b5cb4077c4; public retrieval notes=TR_PUBLIC_SOURCE_RETRIEVAL_NOTES.md","b23407320589806933bfb6b5057545d7f5c7d660296083b323f5d2b5cb4077c4","COUNSEL_REQUIRED — do not infer from research pack","COUNSEL_REQUIRED","COUNSEL_REQUIRED","COUNSEL_REQUIRED","LEGAL_REVIEW_REQUIRED","LEGAL_REVIEW_REQUIRED","Yetkili kurum veya kayıtlı yetkili manuel teyit gerekli; connector NOT_CONFIGURED","NOT_CONFIGURED","PERSON|BUSINESS|QUALIFIED_MANAGER|DRIVER|VEHICLE|OPERATOR|SITE|PROJECT — apply only when counsel marks applicable","FALSE","BLOCKED_LEGAL_REVIEW","","","","","",""
"TR","8","moving","Nakliyat","8","house-moving","Evden Eve Nakliyat","true","moving:1","Nakliyat — Yurtiçi ticari ev ve büro eşyası taşıma","K3 Yetki Belgesi – işletme | Yetki belgesine kayıtlı taşıt / taşıt belgesi-kartı | Aracın sınıfına uygun sürücü belgesi | SRC4 – güncel Karayolu kuralının uygulandığı sürücüde | ODY4/ÜDY4 – yetki belgesi/işletme yapısına göre koşullu | Psikoteknik/sağlık şartı – güncel sürücü kuralına göre koşullu","CONDITIONAL_OR_UNKNOWN_COUNSEL_TO_CONFIRM","UAB_TYPES | UAB_VERIFY | UAB_SRC","https://istanbul.uab.gov.tr/yetki-belgeleri-esya-tasimaciligi-yetki-belgesi-turleri | https://uhdgm.uab.gov.tr/yetki-belgeleri-hizmetleri | https://uhdgm.uab.gov.tr/sikca-sorulan-sorular-ve-cevaplari","TR-GOLD-2026-08-13-v1.0; country pack sha256=3f901161467c6ce2f8b9362de4d576f8d267dc3fdcbf281cbcf45af7f017175e; registry sha256=b23407320589806933bfb6b5057545d7f5c7d660296083b323f5d2b5cb4077c4; public retrieval notes=TR_PUBLIC_SOURCE_RETRIEVAL_NOTES.md","b23407320589806933bfb6b5057545d7f5c7d660296083b323f5d2b5cb4077c4","COUNSEL_REQUIRED — do not infer from research pack","COUNSEL_REQUIRED","COUNSEL_REQUIRED","COUNSEL_REQUIRED","SOURCE_UNVERIFIED","LEGAL_REVIEW_REQUIRED","UAB / izinli issuer veya kayıtlı yetkili manuel teyit; API/contract yok => PENDING","PENDING_OFFICIAL_AUTHORIZATION","PERSON|BUSINESS|QUALIFIED_MANAGER|DRIVER|VEHICLE|OPERATOR|SITE|PROJECT — apply only when counsel marks applicable","FALSE","BLOCKED_LEGAL_REVIEW","","","","","",""
"TR","8","moving","Nakliyat","21","intercity-moving","Şehirlerarası Nakliyat","true","moving:2","Nakliyat — Uluslararası + yurtiçi ticari ev/büro eşyası","C3 Yetki Belgesi | Yetki belgesine kayıtlı uygun taşıt | SRC3 – uygulanabilir sürücüde | ODY3/ÜDY3 – işletme/yetki modeline göre koşullu","CONDITIONAL_OR_UNKNOWN_COUNSEL_TO_CONFIRM","UAB_TYPES | UAB_VERIFY | UAB_SRC","https://istanbul.uab.gov.tr/yetki-belgeleri-esya-tasimaciligi-yetki-belgesi-turleri | https://uhdgm.uab.gov.tr/yetki-belgeleri-hizmetleri | https://uhdgm.uab.gov.tr/sikca-sorulan-sorular-ve-cevaplari","TR-GOLD-2026-08-13-v1.0; country pack sha256=3f901161467c6ce2f8b9362de4d576f8d267dc3fdcbf281cbcf45af7f017175e; registry sha256=b23407320589806933bfb6b5057545d7f5c7d660296083b323f5d2b5cb4077c4; public retrieval notes=TR_PUBLIC_SOURCE_RETRIEVAL_NOTES.md","b23407320589806933bfb6b5057545d7f5c7d660296083b323f5d2b5cb4077c4","COUNSEL_REQUIRED — do not infer from research pack","COUNSEL_REQUIRED","COUNSEL_REQUIRED","COUNSEL_REQUIRED","SOURCE_UNVERIFIED","LEGAL_REVIEW_REQUIRED","UAB / izinli issuer veya kayıtlı yetkili manuel teyit; API/contract yok => PENDING","PENDING_OFFICIAL_AUTHORIZATION","PERSON|BUSINESS|QUALIFIED_MANAGER|DRIVER|VEHICLE|OPERATOR|SITE|PROJECT — apply only when counsel marks applicable","FALSE","BLOCKED_LEGAL_REVIEW","","","","","",""
"TR","8","moving","Nakliyat","33","single-item-moving","Tek Parça Taşıma","true","moving:3","Nakliyat — Yurtiçi genel ticari eşya (ev/büro dışı)","K1 veya yalnız kamyonet modelinde K1* | Yetki belgesine kayıtlı taşıt | SRC4 – uygulanıyorsa","CONDITIONAL_OR_UNKNOWN_COUNSEL_TO_CONFIRM","UAB_TYPES | UAB_VERIFY | UAB_SRC","https://istanbul.uab.gov.tr/yetki-belgeleri-esya-tasimaciligi-yetki-belgesi-turleri | https://uhdgm.uab.gov.tr/yetki-belgeleri-hizmetleri | https://uhdgm.uab.gov.tr/sikca-sorulan-sorular-ve-cevaplari","TR-GOLD-2026-08-13-v1.0; country pack sha256=3f901161467c6ce2f8b9362de4d576f8d267dc3fdcbf281cbcf45af7f017175e; registry sha256=b23407320589806933bfb6b5057545d7f5c7d660296083b323f5d2b5cb4077c4; public retrieval notes=TR_PUBLIC_SOURCE_RETRIEVAL_NOTES.md","b23407320589806933bfb6b5057545d7f5c7d660296083b323f5d2b5cb4077c4","COUNSEL_REQUIRED — do not infer from research pack","COUNSEL_REQUIRED","COUNSEL_REQUIRED","COUNSEL_REQUIRED","SOURCE_UNVERIFIED","LEGAL_REVIEW_REQUIRED","UAB / izinli issuer veya kayıtlı yetkili manuel teyit; API/contract yok => PENDING","PENDING_OFFICIAL_AUTHORIZATION","PERSON|BUSINESS|QUALIFIED_MANAGER|DRIVER|VEHICLE|OPERATOR|SITE|PROJECT — apply only when counsel marks applicable","FALSE","BLOCKED_LEGAL_REVIEW","","","","","",""
"TR","8","moving","Nakliyat","56","office-moving","Ofis Taşıma","true","UNMAPPED_LIVE_SUBSERVICE","No exact Gold Master scope mapping","UNKNOWN — counsel must determine","CONDITIONAL_OR_UNKNOWN_COUNSEL_TO_CONFIRM","NONE","NONE","TR-GOLD-2026-08-13-v1.0; country pack sha256=3f901161467c6ce2f8b9362de4d576f8d267dc3fdcbf281cbcf45af7f017175e; registry sha256=b23407320589806933bfb6b5057545d7f5c7d660296083b323f5d2b5cb4077c4; public retrieval notes=TR_PUBLIC_SOURCE_RETRIEVAL_NOTES.md","b23407320589806933bfb6b5057545d7f5c7d660296083b323f5d2b5cb4077c4","COUNSEL_REQUIRED — do not infer from research pack","COUNSEL_REQUIRED","COUNSEL_REQUIRED","COUNSEL_REQUIRED","LEGAL_REVIEW_REQUIRED","LEGAL_REVIEW_REQUIRED","Yetkili kurum veya kayıtlı yetkili manuel teyit gerekli; connector NOT_CONFIGURED","NOT_CONFIGURED","PERSON|BUSINESS|QUALIFIED_MANAGER|DRIVER|VEHICLE|OPERATOR|SITE|PROJECT — apply only when counsel marks applicable","FALSE","BLOCKED_LEGAL_REVIEW","","","","","",""
"TR","9","appliance","Beyaz Eşya","9","dishwasher","Bulaşık Makinesi","true","UNMAPPED_LIVE_SUBSERVICE","No exact Gold Master scope mapping","UNKNOWN — counsel must determine","CONDITIONAL_OR_UNKNOWN_COUNSEL_TO_CONFIRM","NONE","NONE","TR-GOLD-2026-08-13-v1.0; country pack sha256=3f901161467c6ce2f8b9362de4d576f8d267dc3fdcbf281cbcf45af7f017175e; registry sha256=b23407320589806933bfb6b5057545d7f5c7d660296083b323f5d2b5cb4077c4; public retrieval notes=TR_PUBLIC_SOURCE_RETRIEVAL_NOTES.md","b23407320589806933bfb6b5057545d7f5c7d660296083b323f5d2b5cb4077c4","COUNSEL_REQUIRED — do not infer from research pack","COUNSEL_REQUIRED","COUNSEL_REQUIRED","COUNSEL_REQUIRED","LEGAL_REVIEW_REQUIRED","LEGAL_REVIEW_REQUIRED","Yetkili kurum veya kayıtlı yetkili manuel teyit gerekli; connector NOT_CONFIGURED","NOT_CONFIGURED","PERSON|BUSINESS|QUALIFIED_MANAGER|DRIVER|VEHICLE|OPERATOR|SITE|PROJECT — apply only when counsel marks applicable","FALSE","BLOCKED_LEGAL_REVIEW","","","","","",""
"TR","9","appliance","Beyaz Eşya","34","oven-cooker","Fırın ve Ocak","true","UNMAPPED_LIVE_SUBSERVICE","No exact Gold Master scope mapping","UNKNOWN — counsel must determine","CONDITIONAL_OR_UNKNOWN_COUNSEL_TO_CONFIRM","NONE","NONE","TR-GOLD-2026-08-13-v1.0; country pack sha256=3f901161467c6ce2f8b9362de4d576f8d267dc3fdcbf281cbcf45af7f017175e; registry sha256=b23407320589806933bfb6b5057545d7f5c7d660296083b323f5d2b5cb4077c4; public retrieval notes=TR_PUBLIC_SOURCE_RETRIEVAL_NOTES.md","b23407320589806933bfb6b5057545d7f5c7d660296083b323f5d2b5cb4077c4","COUNSEL_REQUIRED — do not infer from research pack","COUNSEL_REQUIRED","COUNSEL_REQUIRED","COUNSEL_REQUIRED","LEGAL_REVIEW_REQUIRED","LEGAL_REVIEW_REQUIRED","Yetkili kurum veya kayıtlı yetkili manuel teyit gerekli; connector NOT_CONFIGURED","NOT_CONFIGURED","PERSON|BUSINESS|QUALIFIED_MANAGER|DRIVER|VEHICLE|OPERATOR|SITE|PROJECT — apply only when counsel marks applicable","FALSE","BLOCKED_LEGAL_REVIEW","","","","","",""
"TR","9","appliance","Beyaz Eşya","45","washing-machine","Çamaşır Makinesi","true","UNMAPPED_LIVE_SUBSERVICE","No exact Gold Master scope mapping","UNKNOWN — counsel must determine","CONDITIONAL_OR_UNKNOWN_COUNSEL_TO_CONFIRM","NONE","NONE","TR-GOLD-2026-08-13-v1.0; country pack sha256=3f901161467c6ce2f8b9362de4d576f8d267dc3fdcbf281cbcf45af7f017175e; registry sha256=b23407320589806933bfb6b5057545d7f5c7d660296083b323f5d2b5cb4077c4; public retrieval notes=TR_PUBLIC_SOURCE_RETRIEVAL_NOTES.md","b23407320589806933bfb6b5057545d7f5c7d660296083b323f5d2b5cb4077c4","COUNSEL_REQUIRED — do not infer from research pack","COUNSEL_REQUIRED","COUNSEL_REQUIRED","COUNSEL_REQUIRED","LEGAL_REVIEW_REQUIRED","LEGAL_REVIEW_REQUIRED","Yetkili kurum veya kayıtlı yetkili manuel teyit gerekli; connector NOT_CONFIGURED","NOT_CONFIGURED","PERSON|BUSINESS|QUALIFIED_MANAGER|DRIVER|VEHICLE|OPERATOR|SITE|PROJECT — apply only when counsel marks applicable","FALSE","BLOCKED_LEGAL_REVIEW","","","","","",""
"TR","9","appliance","Beyaz Eşya","57","refrigerator","Buzdolabı","true","UNMAPPED_LIVE_SUBSERVICE","No exact Gold Master scope mapping","UNKNOWN — counsel must determine","CONDITIONAL_OR_UNKNOWN_COUNSEL_TO_CONFIRM","NONE","NONE","TR-GOLD-2026-08-13-v1.0; country pack sha256=3f901161467c6ce2f8b9362de4d576f8d267dc3fdcbf281cbcf45af7f017175e; registry sha256=b23407320589806933bfb6b5057545d7f5c7d660296083b323f5d2b5cb4077c4; public retrieval notes=TR_PUBLIC_SOURCE_RETRIEVAL_NOTES.md","b23407320589806933bfb6b5057545d7f5c7d660296083b323f5d2b5cb4077c4","COUNSEL_REQUIRED — do not infer from research pack","COUNSEL_REQUIRED","COUNSEL_REQUIRED","COUNSEL_REQUIRED","LEGAL_REVIEW_REQUIRED","LEGAL_REVIEW_REQUIRED","Yetkili kurum veya kayıtlı yetkili manuel teyit gerekli; connector NOT_CONFIGURED","NOT_CONFIGURED","PERSON|BUSINESS|QUALIFIED_MANAGER|DRIVER|VEHICLE|OPERATOR|SITE|PROJECT — apply only when counsel marks applicable","FALSE","BLOCKED_LEGAL_REVIEW","","","","","",""
"TR","13","towing","Çekici","10","vehicle-transport","Araç Taşıma","true","towing:1","Çekici — Ticari araç kurtarma / çekme / taşıma","K1Ö – yalnız özel amaçlı taşıt eklenen ticari eşya yetkisi; somut oto-kurtarıcı modeline UAB kapsam teyidi zorunlu | Ruhsatta uygun araç türü + yetki belgesinde taşıt ilişkisi | Aracın sınıfına uygun sürücü belgesi | SRC4/SRC3 – güncel KTY uyguluyorsa | Araç Kurtarma ve Taşıma Kamyonu Operatörü / uygun iş makinesi operatör belgesi – ekipman sınıfı/kural gerektiriyorsa","CONDITIONAL_OR_UNKNOWN_COUNSEL_TO_CONFIRM","UAB_TYPES | UAB_VERIFY | UAB_SRC | MEB_TOW_OPERATOR","https://istanbul.uab.gov.tr/yetki-belgeleri-esya-tasimaciligi-yetki-belgesi-turleri | https://uhdgm.uab.gov.tr/yetki-belgeleri-hizmetleri | https://uhdgm.uab.gov.tr/sikca-sorulan-sorular-ve-cevaplari | https://ookgm.meb.gov.tr/kurumlar.php","TR-GOLD-2026-08-13-v1.0; country pack sha256=3f901161467c6ce2f8b9362de4d576f8d267dc3fdcbf281cbcf45af7f017175e; registry sha256=b23407320589806933bfb6b5057545d7f5c7d660296083b323f5d2b5cb4077c4; public retrieval notes=TR_PUBLIC_SOURCE_RETRIEVAL_NOTES.md","b23407320589806933bfb6b5057545d7f5c7d660296083b323f5d2b5cb4077c4","COUNSEL_REQUIRED — do not infer from research pack","COUNSEL_REQUIRED","COUNSEL_REQUIRED","COUNSEL_REQUIRED","SOURCE_UNVERIFIED","LEGAL_REVIEW_REQUIRED","UAB / izinli issuer veya kayıtlı yetkili manuel teyit; API/contract yok => PENDING","PENDING_OFFICIAL_AUTHORIZATION","PERSON|BUSINESS|QUALIFIED_MANAGER|DRIVER|VEHICLE|OPERATOR|SITE|PROJECT — apply only when counsel marks applicable","FALSE","BLOCKED_LEGAL_REVIEW","","","","","",""
"TR","13","towing","Çekici","22","breakdown-tow","Arıza Çekici","true","roadside_assistance:4","Yol Yardım — Araç çekme/kurtarma","UNKNOWN — counsel must determine","CONDITIONAL_OR_UNKNOWN_COUNSEL_TO_CONFIRM","NONE","NONE","TR-GOLD-2026-08-13-v1.0; country pack sha256=3f901161467c6ce2f8b9362de4d576f8d267dc3fdcbf281cbcf45af7f017175e; registry sha256=b23407320589806933bfb6b5057545d7f5c7d660296083b323f5d2b5cb4077c4; public retrieval notes=TR_PUBLIC_SOURCE_RETRIEVAL_NOTES.md","b23407320589806933bfb6b5057545d7f5c7d660296083b323f5d2b5cb4077c4","COUNSEL_REQUIRED — do not infer from research pack","COUNSEL_REQUIRED","COUNSEL_REQUIRED","COUNSEL_REQUIRED","SOURCE_UNVERIFIED","LEGAL_REVIEW_REQUIRED","Yetkili kurum veya kayıtlı yetkili manuel teyit gerekli; connector NOT_CONFIGURED","NOT_CONFIGURED","PERSON|BUSINESS|QUALIFIED_MANAGER|DRIVER|VEHICLE|OPERATOR|SITE|PROJECT — apply only when counsel marks applicable","FALSE","BLOCKED_LEGAL_REVIEW","","","","","",""
"TR","13","towing","Çekici","46","accident-tow","Kaza Çekici","true","UNMAPPED_LIVE_SUBSERVICE","No exact Gold Master scope mapping","UNKNOWN — counsel must determine","CONDITIONAL_OR_UNKNOWN_COUNSEL_TO_CONFIRM","NONE","NONE","TR-GOLD-2026-08-13-v1.0; country pack sha256=3f901161467c6ce2f8b9362de4d576f8d267dc3fdcbf281cbcf45af7f017175e; registry sha256=b23407320589806933bfb6b5057545d7f5c7d660296083b323f5d2b5cb4077c4; public retrieval notes=TR_PUBLIC_SOURCE_RETRIEVAL_NOTES.md","b23407320589806933bfb6b5057545d7f5c7d660296083b323f5d2b5cb4077c4","COUNSEL_REQUIRED — do not infer from research pack","COUNSEL_REQUIRED","COUNSEL_REQUIRED","COUNSEL_REQUIRED","LEGAL_REVIEW_REQUIRED","LEGAL_REVIEW_REQUIRED","Yetkili kurum veya kayıtlı yetkili manuel teyit gerekli; connector NOT_CONFIGURED","NOT_CONFIGURED","PERSON|BUSINESS|QUALIFIED_MANAGER|DRIVER|VEHICLE|OPERATOR|SITE|PROJECT — apply only when counsel marks applicable","FALSE","BLOCKED_LEGAL_REVIEW","","","","","",""
"TR","14","courier","Kurye","23","moto-courier","Moto Kurye","true","courier:1","Kurye & Evrak — İliçi motorlu kurye","P1 Yetki Belgesi – uygulanabilir kurye işletmesi | Yetki belgesine kayıtlı uygun taşıt | SRC-KURYE – 01.01.2027'ye kadar geçiş; sonrası güncel kurala göre zorunluluk | Kurye Faaliyet Belgesi – 01.01.2027'ye kadar geçiş; sonrası güncel kurala göre zorunluluk | Motosiklet/araç sınıfına uygun sürücü belgesi | Kurye/taşıtın Bakanlık sisteminde gerekli bildirimi/kaydı","CONDITIONAL_OR_UNKNOWN_COUNSEL_TO_CONFIRM","UAB_TYPES | UAB_COURIER_2025 | UAB_COURIER_2026 | UAB_VERIFY","https://istanbul.uab.gov.tr/yetki-belgeleri-esya-tasimaciligi-yetki-belgesi-turleri | https://www.uab.gov.tr/haberler/karayolu-tasima-yoenetmeliginde-degisiklik/ | https://www.uab.gov.tr/haberler/otobues-bileti-12-saat-kalana-kadar-tam-iade-edilebilecek/ | https://uhdgm.uab.gov.tr/yetki-belgeleri-hizmetleri","TR-GOLD-2026-08-13-v1.0; country pack sha256=3f901161467c6ce2f8b9362de4d576f8d267dc3fdcbf281cbcf45af7f017175e; registry sha256=b23407320589806933bfb6b5057545d7f5c7d660296083b323f5d2b5cb4077c4; public retrieval notes=TR_PUBLIC_SOURCE_RETRIEVAL_NOTES.md","b23407320589806933bfb6b5057545d7f5c7d660296083b323f5d2b5cb4077c4","COUNSEL_REQUIRED — do not infer from research pack","COUNSEL_REQUIRED","COUNSEL_REQUIRED","COUNSEL_REQUIRED","SOURCE_UNVERIFIED","LEGAL_REVIEW_REQUIRED","UAB / izinli issuer veya kayıtlı yetkili manuel teyit; API/contract yok => PENDING","PENDING_OFFICIAL_AUTHORIZATION","PERSON|BUSINESS|QUALIFIED_MANAGER|DRIVER|VEHICLE|OPERATOR|SITE|PROJECT — apply only when counsel marks applicable","FALSE","BLOCKED_LEGAL_REVIEW","","","","","",""
"TR","14","courier","Kurye","35","parcel-courier","Paket Kurye","true","courier:2","Kurye & Evrak — Yurtiçi geniş kapsam dağıtım/kurye","P2 Yetki Belgesi – faaliyetin kapsamı gerektiriyorsa | SRC-KURYE geçiş kuralı | Kurye Faaliyet Belgesi geçiş kuralı","CONDITIONAL_OR_UNKNOWN_COUNSEL_TO_CONFIRM","UAB_TYPES | UAB_COURIER_2026","https://istanbul.uab.gov.tr/yetki-belgeleri-esya-tasimaciligi-yetki-belgesi-turleri | https://www.uab.gov.tr/haberler/otobues-bileti-12-saat-kalana-kadar-tam-iade-edilebilecek/","TR-GOLD-2026-08-13-v1.0; country pack sha256=3f901161467c6ce2f8b9362de4d576f8d267dc3fdcbf281cbcf45af7f017175e; registry sha256=b23407320589806933bfb6b5057545d7f5c7d660296083b323f5d2b5cb4077c4; public retrieval notes=TR_PUBLIC_SOURCE_RETRIEVAL_NOTES.md","b23407320589806933bfb6b5057545d7f5c7d660296083b323f5d2b5cb4077c4","COUNSEL_REQUIRED — do not infer from research pack","COUNSEL_REQUIRED","COUNSEL_REQUIRED","COUNSEL_REQUIRED","SOURCE_UNVERIFIED","LEGAL_REVIEW_REQUIRED","UAB / izinli issuer veya kayıtlı yetkili manuel teyit; API/contract yok => PENDING","PENDING_OFFICIAL_AUTHORIZATION","PERSON|BUSINESS|QUALIFIED_MANAGER|DRIVER|VEHICLE|OPERATOR|SITE|PROJECT — apply only when counsel marks applicable","FALSE","BLOCKED_LEGAL_REVIEW","","","","","",""
"TR","14","courier","Kurye","47","scheduled-delivery","Planlı Teslimat","true","UNMAPPED_LIVE_SUBSERVICE","No exact Gold Master scope mapping","UNKNOWN — counsel must determine","CONDITIONAL_OR_UNKNOWN_COUNSEL_TO_CONFIRM","NONE","NONE","TR-GOLD-2026-08-13-v1.0; country pack sha256=3f901161467c6ce2f8b9362de4d576f8d267dc3fdcbf281cbcf45af7f017175e; registry sha256=b23407320589806933bfb6b5057545d7f5c7d660296083b323f5d2b5cb4077c4; public retrieval notes=TR_PUBLIC_SOURCE_RETRIEVAL_NOTES.md","b23407320589806933bfb6b5057545d7f5c7d660296083b323f5d2b5cb4077c4","COUNSEL_REQUIRED — do not infer from research pack","COUNSEL_REQUIRED","COUNSEL_REQUIRED","COUNSEL_REQUIRED","LEGAL_REVIEW_REQUIRED","LEGAL_REVIEW_REQUIRED","Yetkili kurum veya kayıtlı yetkili manuel teyit gerekli; connector NOT_CONFIGURED","NOT_CONFIGURED","PERSON|BUSINESS|QUALIFIED_MANAGER|DRIVER|VEHICLE|OPERATOR|SITE|PROJECT — apply only when counsel marks applicable","FALSE","BLOCKED_LEGAL_REVIEW","","","","","",""
"TR","14","courier","Kurye","58","document-courier","Evrak Kurye","true","UNMAPPED_LIVE_SUBSERVICE","No exact Gold Master scope mapping","UNKNOWN — counsel must determine","CONDITIONAL_OR_UNKNOWN_COUNSEL_TO_CONFIRM","NONE","NONE","TR-GOLD-2026-08-13-v1.0; country pack sha256=3f901161467c6ce2f8b9362de4d576f8d267dc3fdcbf281cbcf45af7f017175e; registry sha256=b23407320589806933bfb6b5057545d7f5c7d660296083b323f5d2b5cb4077c4; public retrieval notes=TR_PUBLIC_SOURCE_RETRIEVAL_NOTES.md","b23407320589806933bfb6b5057545d7f5c7d660296083b323f5d2b5cb4077c4","COUNSEL_REQUIRED — do not infer from research pack","COUNSEL_REQUIRED","COUNSEL_REQUIRED","COUNSEL_REQUIRED","LEGAL_REVIEW_REQUIRED","LEGAL_REVIEW_REQUIRED","Yetkili kurum veya kayıtlı yetkili manuel teyit gerekli; connector NOT_CONFIGURED","NOT_CONFIGURED","PERSON|BUSINESS|QUALIFIED_MANAGER|DRIVER|VEHICLE|OPERATOR|SITE|PROJECT — apply only when counsel marks applicable","FALSE","BLOCKED_LEGAL_REVIEW","","","","","",""
"TR","15","roadside","Yol Yardımı","11","battery-jump","Akü Takviyesi","true","roadside_assistance:1","Yol Yardım — Akü takviyesi / basit destek","Ortak kimlik/çalışma/faaliyet kontrolleri | Platform beceri ve güvenlik kontrolü","CONDITIONAL_OR_UNKNOWN_COUNSEL_TO_CONFIRM","NONE","NONE","TR-GOLD-2026-08-13-v1.0; country pack sha256=3f901161467c6ce2f8b9362de4d576f8d267dc3fdcbf281cbcf45af7f017175e; registry sha256=b23407320589806933bfb6b5057545d7f5c7d660296083b323f5d2b5cb4077c4; public retrieval notes=TR_PUBLIC_SOURCE_RETRIEVAL_NOTES.md","b23407320589806933bfb6b5057545d7f5c7d660296083b323f5d2b5cb4077c4","COUNSEL_REQUIRED — do not infer from research pack","COUNSEL_REQUIRED","COUNSEL_REQUIRED","COUNSEL_REQUIRED","SOURCE_UNVERIFIED","LEGAL_REVIEW_REQUIRED","Yetkili kurum veya kayıtlı yetkili manuel teyit gerekli; connector NOT_CONFIGURED","NOT_CONFIGURED","PERSON|BUSINESS|QUALIFIED_MANAGER|DRIVER|VEHICLE|OPERATOR|SITE|PROJECT — apply only when counsel marks applicable","FALSE","BLOCKED_LEGAL_REVIEW","","","","","",""
"TR","15","roadside","Yol Yardımı","24","minor-repair","Yerinde Küçük Onarım","true","roadside_assistance:3","Yol Yardım — Yol üstü mekanik arıza tespit/onarım","11UY0021-4 Otomotiv Mekanikçisi (Seviye 4) | İlgili MEB otomotiv ustalık/diploma-muafiyeti","CONDITIONAL_OR_REQUIRED_COUNSEL_TO_CONFIRM","MYK_MANDATORY | MYK_QUALIFICATIONS | MYK_EXEMPTION | MEB_MASTER","https://portal.myk.gov.tr/index.php?belge_zorunlu=1&option=com_yeterlilik&view=arama | https://portal.myk.gov.tr/index.php?option=com_yeterlilik&view=arama | https://www.myk.gov.tr/tr/haberler/yeterlilik/belge-zorunluluuna-ilikin-skca-sorulan-sorular | https://www.turkiye.gov.tr/milli-egitim-kalfalik-ustalik-usta-ogrencilik-ve-is-yeri-acma-belgesi-sorgulama","TR-GOLD-2026-08-13-v1.0; country pack sha256=3f901161467c6ce2f8b9362de4d576f8d267dc3fdcbf281cbcf45af7f017175e; registry sha256=b23407320589806933bfb6b5057545d7f5c7d660296083b323f5d2b5cb4077c4; public retrieval notes=TR_PUBLIC_SOURCE_RETRIEVAL_NOTES.md","b23407320589806933bfb6b5057545d7f5c7d660296083b323f5d2b5cb4077c4","COUNSEL_REQUIRED — do not infer from research pack","COUNSEL_REQUIRED","COUNSEL_REQUIRED","COUNSEL_REQUIRED","SOURCE_UNVERIFIED","LEGAL_REVIEW_REQUIRED","MYK/MEB issuer doğrulaması veya kullanıcı yetkili barkodlu belge; API/contract yok => PENDING","PENDING_OFFICIAL_AUTHORIZATION","PERSON|BUSINESS|QUALIFIED_MANAGER|DRIVER|VEHICLE|OPERATOR|SITE|PROJECT — apply only when counsel marks applicable","FALSE","BLOCKED_LEGAL_REVIEW","","","","","",""
"TR","15","roadside","Yol Yardımı","36","fuel-delivery","Yakıt Desteği","true","roadside_assistance:6","Yol Yardım — Yolda yakıt ulaştırma","UNKNOWN — counsel must determine","CONDITIONAL_OR_UNKNOWN_COUNSEL_TO_CONFIRM","NONE","NONE","TR-GOLD-2026-08-13-v1.0; country pack sha256=3f901161467c6ce2f8b9362de4d576f8d267dc3fdcbf281cbcf45af7f017175e; registry sha256=b23407320589806933bfb6b5057545d7f5c7d660296083b323f5d2b5cb4077c4; public retrieval notes=TR_PUBLIC_SOURCE_RETRIEVAL_NOTES.md","b23407320589806933bfb6b5057545d7f5c7d660296083b323f5d2b5cb4077c4","COUNSEL_REQUIRED — do not infer from research pack","COUNSEL_REQUIRED","COUNSEL_REQUIRED","COUNSEL_REQUIRED","SOURCE_UNVERIFIED","LEGAL_REVIEW_REQUIRED","Yetkili kurum veya kayıtlı yetkili manuel teyit gerekli; connector NOT_CONFIGURED","NOT_CONFIGURED","PERSON|BUSINESS|QUALIFIED_MANAGER|DRIVER|VEHICLE|OPERATOR|SITE|PROJECT — apply only when counsel marks applicable","FALSE","BLOCKED_LEGAL_REVIEW","","","","","",""
"TR","15","roadside","Yol Yardımı","59","tire-change","Lastik Değişimi","true","roadside_assistance:2","Yol Yardım — Lastik/jant bakım-onarım","18UY0360-3 Lastik Bakım Onarımcısı (Seviye 3) | İlgili MEB lastikçilik/ön düzen ustalık belgesi – uygulanıyorsa","CONDITIONAL_OR_UNKNOWN_COUNSEL_TO_CONFIRM","MYK_QUALIFICATIONS | MYK_MANDATORY | MEB_MASTER","https://portal.myk.gov.tr/index.php?option=com_yeterlilik&view=arama | https://portal.myk.gov.tr/index.php?belge_zorunlu=1&option=com_yeterlilik&view=arama | https://www.turkiye.gov.tr/milli-egitim-kalfalik-ustalik-usta-ogrencilik-ve-is-yeri-acma-belgesi-sorgulama","TR-GOLD-2026-08-13-v1.0; country pack sha256=3f901161467c6ce2f8b9362de4d576f8d267dc3fdcbf281cbcf45af7f017175e; registry sha256=b23407320589806933bfb6b5057545d7f5c7d660296083b323f5d2b5cb4077c4; public retrieval notes=TR_PUBLIC_SOURCE_RETRIEVAL_NOTES.md","b23407320589806933bfb6b5057545d7f5c7d660296083b323f5d2b5cb4077c4","COUNSEL_REQUIRED — do not infer from research pack","COUNSEL_REQUIRED","COUNSEL_REQUIRED","COUNSEL_REQUIRED","SOURCE_UNVERIFIED","LEGAL_REVIEW_REQUIRED","MYK/MEB issuer doğrulaması veya kullanıcı yetkili barkodlu belge; API/contract yok => PENDING","PENDING_OFFICIAL_AUTHORIZATION","PERSON|BUSINESS|QUALIFIED_MANAGER|DRIVER|VEHICLE|OPERATOR|SITE|PROJECT — apply only when counsel marks applicable","FALSE","BLOCKED_LEGAL_REVIEW","","","","","",""
"TR","60002","home-repair","Ev Onarım","12","drywall-repair","Alçıpan ve Duvar","true","UNMAPPED_LIVE_SUBSERVICE","No exact Gold Master scope mapping","UNKNOWN — counsel must determine","CONDITIONAL_OR_UNKNOWN_COUNSEL_TO_CONFIRM","NONE","NONE","TR-GOLD-2026-08-13-v1.0; country pack sha256=3f901161467c6ce2f8b9362de4d576f8d267dc3fdcbf281cbcf45af7f017175e; registry sha256=b23407320589806933bfb6b5057545d7f5c7d660296083b323f5d2b5cb4077c4; public retrieval notes=TR_PUBLIC_SOURCE_RETRIEVAL_NOTES.md","b23407320589806933bfb6b5057545d7f5c7d660296083b323f5d2b5cb4077c4","COUNSEL_REQUIRED — do not infer from research pack","COUNSEL_REQUIRED","COUNSEL_REQUIRED","COUNSEL_REQUIRED","LEGAL_REVIEW_REQUIRED","LEGAL_REVIEW_REQUIRED","Yetkili kurum veya kayıtlı yetkili manuel teyit gerekli; connector NOT_CONFIGURED","NOT_CONFIGURED","PERSON|BUSINESS|QUALIFIED_MANAGER|DRIVER|VEHICLE|OPERATOR|SITE|PROJECT — apply only when counsel marks applicable","FALSE","BLOCKED_LEGAL_REVIEW","","","","","",""
"TR","60002","home-repair","Ev Onarım","37","general-handyman","Genel Usta","true","UNMAPPED_LIVE_SUBSERVICE","No exact Gold Master scope mapping","UNKNOWN — counsel must determine","CONDITIONAL_OR_UNKNOWN_COUNSEL_TO_CONFIRM","NONE","NONE","TR-GOLD-2026-08-13-v1.0; country pack sha256=3f901161467c6ce2f8b9362de4d576f8d267dc3fdcbf281cbcf45af7f017175e; registry sha256=b23407320589806933bfb6b5057545d7f5c7d660296083b323f5d2b5cb4077c4; public retrieval notes=TR_PUBLIC_SOURCE_RETRIEVAL_NOTES.md","b23407320589806933bfb6b5057545d7f5c7d660296083b323f5d2b5cb4077c4","COUNSEL_REQUIRED — do not infer from research pack","COUNSEL_REQUIRED","COUNSEL_REQUIRED","COUNSEL_REQUIRED","LEGAL_REVIEW_REQUIRED","LEGAL_REVIEW_REQUIRED","Yetkili kurum veya kayıtlı yetkili manuel teyit gerekli; connector NOT_CONFIGURED","NOT_CONFIGURED","PERSON|BUSINESS|QUALIFIED_MANAGER|DRIVER|VEHICLE|OPERATOR|SITE|PROJECT — apply only when counsel marks applicable","FALSE","BLOCKED_LEGAL_REVIEW","","","","","",""
"TR","60002","home-repair","Ev Onarım","48","furniture-assembly","Mobilya Montajı","true","furniture:1","Mobilya & Montaj — Hazır mobilya/dekorasyon montajı","11UMS0154-3/4 Mobilya ve Dekorasyon Montajcısı meslek standardı – referans | İlgili MEB mobilya/ağaç işleri ustalık belgesi – uygulanıyorsa","CONDITIONAL_OR_UNKNOWN_COUNSEL_TO_CONFIRM","NONE","NONE","TR-GOLD-2026-08-13-v1.0; country pack sha256=3f901161467c6ce2f8b9362de4d576f8d267dc3fdcbf281cbcf45af7f017175e; registry sha256=b23407320589806933bfb6b5057545d7f5c7d660296083b323f5d2b5cb4077c4; public retrieval notes=TR_PUBLIC_SOURCE_RETRIEVAL_NOTES.md","b23407320589806933bfb6b5057545d7f5c7d660296083b323f5d2b5cb4077c4","COUNSEL_REQUIRED — do not infer from research pack","COUNSEL_REQUIRED","COUNSEL_REQUIRED","COUNSEL_REQUIRED","SOURCE_UNVERIFIED","LEGAL_REVIEW_REQUIRED","Yetkili kurum veya kayıtlı yetkili manuel teyit gerekli; connector NOT_CONFIGURED","NOT_CONFIGURED","PERSON|BUSINESS|QUALIFIED_MANAGER|DRIVER|VEHICLE|OPERATOR|SITE|PROJECT — apply only when counsel marks applicable","FALSE","BLOCKED_LEGAL_REVIEW","","","","","",""
"TR","60002","home-repair","Ev Onarım","60","door-window-repair","Kapı ve Pencere","true","UNMAPPED_LIVE_SUBSERVICE","No exact Gold Master scope mapping","UNKNOWN — counsel must determine","CONDITIONAL_OR_UNKNOWN_COUNSEL_TO_CONFIRM","NONE","NONE","TR-GOLD-2026-08-13-v1.0; country pack sha256=3f901161467c6ce2f8b9362de4d576f8d267dc3fdcbf281cbcf45af7f017175e; registry sha256=b23407320589806933bfb6b5057545d7f5c7d660296083b323f5d2b5cb4077c4; public retrieval notes=TR_PUBLIC_SOURCE_RETRIEVAL_NOTES.md","b23407320589806933bfb6b5057545d7f5c7d660296083b323f5d2b5cb4077c4","COUNSEL_REQUIRED — do not infer from research pack","COUNSEL_REQUIRED","COUNSEL_REQUIRED","COUNSEL_REQUIRED","LEGAL_REVIEW_REQUIRED","LEGAL_REVIEW_REQUIRED","Yetkili kurum veya kayıtlı yetkili manuel teyit gerekli; connector NOT_CONFIGURED","NOT_CONFIGURED","PERSON|BUSINESS|QUALIFIED_MANAGER|DRIVER|VEHICLE|OPERATOR|SITE|PROJECT — apply only when counsel marks applicable","FALSE","BLOCKED_LEGAL_REVIEW","","","","","",""
"TR","60003","automotive","Otomotiv","13","tire-service","Lastik Hizmeti","true","automotive:3","Otomotiv / Motor Ustası — Lastik/jant","18UY0360-3 Lastik Bakım Onarımcısı","CONDITIONAL_OR_UNKNOWN_COUNSEL_TO_CONFIRM","MYK_QUALIFICATIONS | MYK_MANDATORY","https://portal.myk.gov.tr/index.php?option=com_yeterlilik&view=arama | https://portal.myk.gov.tr/index.php?belge_zorunlu=1&option=com_yeterlilik&view=arama","TR-GOLD-2026-08-13-v1.0; country pack sha256=3f901161467c6ce2f8b9362de4d576f8d267dc3fdcbf281cbcf45af7f017175e; registry sha256=b23407320589806933bfb6b5057545d7f5c7d660296083b323f5d2b5cb4077c4; public retrieval notes=TR_PUBLIC_SOURCE_RETRIEVAL_NOTES.md","b23407320589806933bfb6b5057545d7f5c7d660296083b323f5d2b5cb4077c4","COUNSEL_REQUIRED — do not infer from research pack","COUNSEL_REQUIRED","COUNSEL_REQUIRED","COUNSEL_REQUIRED","SOURCE_UNVERIFIED","LEGAL_REVIEW_REQUIRED","MYK/MEB issuer doğrulaması veya kullanıcı yetkili barkodlu belge; API/contract yok => PENDING","PENDING_OFFICIAL_AUTHORIZATION","PERSON|BUSINESS|QUALIFIED_MANAGER|DRIVER|VEHICLE|OPERATOR|SITE|PROJECT — apply only when counsel marks applicable","FALSE","BLOCKED_LEGAL_REVIEW","","","","","",""
"TR","60003","automotive","Otomotiv","25","vehicle-maintenance","Periyodik Bakım","true","automotive:1","Otomotiv / Motor Ustası — Motor/mekanik bakım, arıza tespit ve onarım","11UY0021-4 Otomotiv Mekanikçisi (Seviye 4) | İlgili MEB otomotiv ustalık/diploma muafiyeti","CONDITIONAL_OR_REQUIRED_COUNSEL_TO_CONFIRM","MYK_MANDATORY | MYK_QUALIFICATIONS | MYK_EXEMPTION | MEB_MASTER","https://portal.myk.gov.tr/index.php?belge_zorunlu=1&option=com_yeterlilik&view=arama | https://portal.myk.gov.tr/index.php?option=com_yeterlilik&view=arama | https://www.myk.gov.tr/tr/haberler/yeterlilik/belge-zorunluluuna-ilikin-skca-sorulan-sorular | https://www.turkiye.gov.tr/milli-egitim-kalfalik-ustalik-usta-ogrencilik-ve-is-yeri-acma-belgesi-sorgulama","TR-GOLD-2026-08-13-v1.0; country pack sha256=3f901161467c6ce2f8b9362de4d576f8d267dc3fdcbf281cbcf45af7f017175e; registry sha256=b23407320589806933bfb6b5057545d7f5c7d660296083b323f5d2b5cb4077c4; public retrieval notes=TR_PUBLIC_SOURCE_RETRIEVAL_NOTES.md","b23407320589806933bfb6b5057545d7f5c7d660296083b323f5d2b5cb4077c4","COUNSEL_REQUIRED — do not infer from research pack","COUNSEL_REQUIRED","COUNSEL_REQUIRED","COUNSEL_REQUIRED","SOURCE_UNVERIFIED","LEGAL_REVIEW_REQUIRED","MYK/MEB issuer doğrulaması veya kullanıcı yetkili barkodlu belge; API/contract yok => PENDING","PENDING_OFFICIAL_AUTHORIZATION","PERSON|BUSINESS|QUALIFIED_MANAGER|DRIVER|VEHICLE|OPERATOR|SITE|PROJECT — apply only when counsel marks applicable","FALSE","BLOCKED_LEGAL_REVIEW","","","","","",""
"TR","60003","automotive","Otomotiv","49","vehicle-diagnostics","Arıza Tespiti","true","UNMAPPED_LIVE_SUBSERVICE","No exact Gold Master scope mapping","UNKNOWN — counsel must determine","CONDITIONAL_OR_UNKNOWN_COUNSEL_TO_CONFIRM","NONE","NONE","TR-GOLD-2026-08-13-v1.0; country pack sha256=3f901161467c6ce2f8b9362de4d576f8d267dc3fdcbf281cbcf45af7f017175e; registry sha256=b23407320589806933bfb6b5057545d7f5c7d660296083b323f5d2b5cb4077c4; public retrieval notes=TR_PUBLIC_SOURCE_RETRIEVAL_NOTES.md","b23407320589806933bfb6b5057545d7f5c7d660296083b323f5d2b5cb4077c4","COUNSEL_REQUIRED — do not infer from research pack","COUNSEL_REQUIRED","COUNSEL_REQUIRED","COUNSEL_REQUIRED","LEGAL_REVIEW_REQUIRED","LEGAL_REVIEW_REQUIRED","Yetkili kurum veya kayıtlı yetkili manuel teyit gerekli; connector NOT_CONFIGURED","NOT_CONFIGURED","PERSON|BUSINESS|QUALIFIED_MANAGER|DRIVER|VEHICLE|OPERATOR|SITE|PROJECT — apply only when counsel marks applicable","FALSE","BLOCKED_LEGAL_REVIEW","","","","","",""
"TR","60003","automotive","Otomotiv","61","auto-detailing","Oto Detaylı Temizlik","true","UNMAPPED_LIVE_SUBSERVICE","No exact Gold Master scope mapping","UNKNOWN — counsel must determine","CONDITIONAL_OR_UNKNOWN_COUNSEL_TO_CONFIRM","NONE","NONE","TR-GOLD-2026-08-13-v1.0; country pack sha256=3f901161467c6ce2f8b9362de4d576f8d267dc3fdcbf281cbcf45af7f017175e; registry sha256=b23407320589806933bfb6b5057545d7f5c7d660296083b323f5d2b5cb4077c4; public retrieval notes=TR_PUBLIC_SOURCE_RETRIEVAL_NOTES.md","b23407320589806933bfb6b5057545d7f5c7d660296083b323f5d2b5cb4077c4","COUNSEL_REQUIRED — do not infer from research pack","COUNSEL_REQUIRED","COUNSEL_REQUIRED","COUNSEL_REQUIRED","LEGAL_REVIEW_REQUIRED","LEGAL_REVIEW_REQUIRED","Yetkili kurum veya kayıtlı yetkili manuel teyit gerekli; connector NOT_CONFIGURED","NOT_CONFIGURED","PERSON|BUSINESS|QUALIFIED_MANAGER|DRIVER|VEHICLE|OPERATOR|SITE|PROJECT — apply only when counsel marks applicable","FALSE","BLOCKED_LEGAL_REVIEW","","","","","",""
"TR","60004","technology","Teknoloji","14","smart-home-setup","Akıllı Ev Kurulumu","true","UNMAPPED_LIVE_SUBSERVICE","No exact Gold Master scope mapping","UNKNOWN — counsel must determine","CONDITIONAL_OR_UNKNOWN_COUNSEL_TO_CONFIRM","NONE","NONE","TR-GOLD-2026-08-13-v1.0; country pack sha256=3f901161467c6ce2f8b9362de4d576f8d267dc3fdcbf281cbcf45af7f017175e; registry sha256=b23407320589806933bfb6b5057545d7f5c7d660296083b323f5d2b5cb4077c4; public retrieval notes=TR_PUBLIC_SOURCE_RETRIEVAL_NOTES.md","b23407320589806933bfb6b5057545d7f5c7d660296083b323f5d2b5cb4077c4","COUNSEL_REQUIRED — do not infer from research pack","COUNSEL_REQUIRED","COUNSEL_REQUIRED","COUNSEL_REQUIRED","LEGAL_REVIEW_REQUIRED","LEGAL_REVIEW_REQUIRED","Yetkili kurum veya kayıtlı yetkili manuel teyit gerekli; connector NOT_CONFIGURED","NOT_CONFIGURED","PERSON|BUSINESS|QUALIFIED_MANAGER|DRIVER|VEHICLE|OPERATOR|SITE|PROJECT — apply only when counsel marks applicable","FALSE","BLOCKED_LEGAL_REVIEW","","","","","",""
"TR","60004","technology","Teknoloji","26","mobile-device-service","Telefon ve Tablet","true","UNMAPPED_LIVE_SUBSERVICE","No exact Gold Master scope mapping","UNKNOWN — counsel must determine","CONDITIONAL_OR_UNKNOWN_COUNSEL_TO_CONFIRM","NONE","NONE","TR-GOLD-2026-08-13-v1.0; country pack sha256=3f901161467c6ce2f8b9362de4d576f8d267dc3fdcbf281cbcf45af7f017175e; registry sha256=b23407320589806933bfb6b5057545d7f5c7d660296083b323f5d2b5cb4077c4; public retrieval notes=TR_PUBLIC_SOURCE_RETRIEVAL_NOTES.md","b23407320589806933bfb6b5057545d7f5c7d660296083b323f5d2b5cb4077c4","COUNSEL_REQUIRED — do not infer from research pack","COUNSEL_REQUIRED","COUNSEL_REQUIRED","COUNSEL_REQUIRED","LEGAL_REVIEW_REQUIRED","LEGAL_REVIEW_REQUIRED","Yetkili kurum veya kayıtlı yetkili manuel teyit gerekli; connector NOT_CONFIGURED","NOT_CONFIGURED","PERSON|BUSINESS|QUALIFIED_MANAGER|DRIVER|VEHICLE|OPERATOR|SITE|PROJECT — apply only when counsel marks applicable","FALSE","BLOCKED_LEGAL_REVIEW","","","","","",""
"TR","60004","technology","Teknoloji","38","computer-service","Bilgisayar Teknik Servis","true","UNMAPPED_LIVE_SUBSERVICE","No exact Gold Master scope mapping","UNKNOWN — counsel must determine","CONDITIONAL_OR_UNKNOWN_COUNSEL_TO_CONFIRM","NONE","NONE","TR-GOLD-2026-08-13-v1.0; country pack sha256=3f901161467c6ce2f8b9362de4d576f8d267dc3fdcbf281cbcf45af7f017175e; registry sha256=b23407320589806933bfb6b5057545d7f5c7d660296083b323f5d2b5cb4077c4; public retrieval notes=TR_PUBLIC_SOURCE_RETRIEVAL_NOTES.md","b23407320589806933bfb6b5057545d7f5c7d660296083b323f5d2b5cb4077c4","COUNSEL_REQUIRED — do not infer from research pack","COUNSEL_REQUIRED","COUNSEL_REQUIRED","COUNSEL_REQUIRED","LEGAL_REVIEW_REQUIRED","LEGAL_REVIEW_REQUIRED","Yetkili kurum veya kayıtlı yetkili manuel teyit gerekli; connector NOT_CONFIGURED","NOT_CONFIGURED","PERSON|BUSINESS|QUALIFIED_MANAGER|DRIVER|VEHICLE|OPERATOR|SITE|PROJECT — apply only when counsel marks applicable","FALSE","BLOCKED_LEGAL_REVIEW","","","","","",""
"TR","60004","technology","Teknoloji","50","network-setup","Ağ ve İnternet","true","UNMAPPED_LIVE_SUBSERVICE","No exact Gold Master scope mapping","UNKNOWN — counsel must determine","CONDITIONAL_OR_UNKNOWN_COUNSEL_TO_CONFIRM","NONE","NONE","TR-GOLD-2026-08-13-v1.0; country pack sha256=3f901161467c6ce2f8b9362de4d576f8d267dc3fdcbf281cbcf45af7f017175e; registry sha256=b23407320589806933bfb6b5057545d7f5c7d660296083b323f5d2b5cb4077c4; public retrieval notes=TR_PUBLIC_SOURCE_RETRIEVAL_NOTES.md","b23407320589806933bfb6b5057545d7f5c7d660296083b323f5d2b5cb4077c4","COUNSEL_REQUIRED — do not infer from research pack","COUNSEL_REQUIRED","COUNSEL_REQUIRED","COUNSEL_REQUIRED","LEGAL_REVIEW_REQUIRED","LEGAL_REVIEW_REQUIRED","Yetkili kurum veya kayıtlı yetkili manuel teyit gerekli; connector NOT_CONFIGURED","NOT_CONFIGURED","PERSON|BUSINESS|QUALIFIED_MANAGER|DRIVER|VEHICLE|OPERATOR|SITE|PROJECT — apply only when counsel marks applicable","FALSE","BLOCKED_LEGAL_REVIEW","","","","","",""
"TR","60005","personal-care","Kişisel Bakım","27","nail-care","Tırnak Bakımı","true","UNMAPPED_LIVE_SUBSERVICE","No exact Gold Master scope mapping","UNKNOWN — counsel must determine","CONDITIONAL_OR_UNKNOWN_COUNSEL_TO_CONFIRM","NONE","NONE","TR-GOLD-2026-08-13-v1.0; country pack sha256=3f901161467c6ce2f8b9362de4d576f8d267dc3fdcbf281cbcf45af7f017175e; registry sha256=b23407320589806933bfb6b5057545d7f5c7d660296083b323f5d2b5cb4077c4; public retrieval notes=TR_PUBLIC_SOURCE_RETRIEVAL_NOTES.md","b23407320589806933bfb6b5057545d7f5c7d660296083b323f5d2b5cb4077c4","COUNSEL_REQUIRED — do not infer from research pack","COUNSEL_REQUIRED","COUNSEL_REQUIRED","COUNSEL_REQUIRED","LEGAL_REVIEW_REQUIRED","LEGAL_REVIEW_REQUIRED","Yetkili kurum veya kayıtlı yetkili manuel teyit gerekli; connector NOT_CONFIGURED","NOT_CONFIGURED","PERSON|BUSINESS|QUALIFIED_MANAGER|DRIVER|VEHICLE|OPERATOR|SITE|PROJECT — apply only when counsel marks applicable","FALSE","BLOCKED_LEGAL_REVIEW","","","","","",""
"TR","60005","personal-care","Kişisel Bakım","39","makeup","Makyaj","true","UNMAPPED_LIVE_SUBSERVICE","No exact Gold Master scope mapping","UNKNOWN — counsel must determine","CONDITIONAL_OR_UNKNOWN_COUNSEL_TO_CONFIRM","NONE","NONE","TR-GOLD-2026-08-13-v1.0; country pack sha256=3f901161467c6ce2f8b9362de4d576f8d267dc3fdcbf281cbcf45af7f017175e; registry sha256=b23407320589806933bfb6b5057545d7f5c7d660296083b323f5d2b5cb4077c4; public retrieval notes=TR_PUBLIC_SOURCE_RETRIEVAL_NOTES.md","b23407320589806933bfb6b5057545d7f5c7d660296083b323f5d2b5cb4077c4","COUNSEL_REQUIRED — do not infer from research pack","COUNSEL_REQUIRED","COUNSEL_REQUIRED","COUNSEL_REQUIRED","LEGAL_REVIEW_REQUIRED","LEGAL_REVIEW_REQUIRED","Yetkili kurum veya kayıtlı yetkili manuel teyit gerekli; connector NOT_CONFIGURED","NOT_CONFIGURED","PERSON|BUSINESS|QUALIFIED_MANAGER|DRIVER|VEHICLE|OPERATOR|SITE|PROJECT — apply only when counsel marks applicable","FALSE","BLOCKED_LEGAL_REVIEW","","","","","",""
"TR","60005","personal-care","Kişisel Bakım","51","massage","Masaj","true","UNMAPPED_LIVE_SUBSERVICE","No exact Gold Master scope mapping","UNKNOWN — counsel must determine","CONDITIONAL_OR_UNKNOWN_COUNSEL_TO_CONFIRM","NONE","NONE","TR-GOLD-2026-08-13-v1.0; country pack sha256=3f901161467c6ce2f8b9362de4d576f8d267dc3fdcbf281cbcf45af7f017175e; registry sha256=b23407320589806933bfb6b5057545d7f5c7d660296083b323f5d2b5cb4077c4; public retrieval notes=TR_PUBLIC_SOURCE_RETRIEVAL_NOTES.md","b23407320589806933bfb6b5057545d7f5c7d660296083b323f5d2b5cb4077c4","COUNSEL_REQUIRED — do not infer from research pack","COUNSEL_REQUIRED","COUNSEL_REQUIRED","COUNSEL_REQUIRED","LEGAL_REVIEW_REQUIRED","LEGAL_REVIEW_REQUIRED","Yetkili kurum veya kayıtlı yetkili manuel teyit gerekli; connector NOT_CONFIGURED","NOT_CONFIGURED","PERSON|BUSINESS|QUALIFIED_MANAGER|DRIVER|VEHICLE|OPERATOR|SITE|PROJECT — apply only when counsel marks applicable","FALSE","BLOCKED_LEGAL_REVIEW","","","","","",""
"TR","60005","personal-care","Kişisel Bakım","62","hair-care","Saç Bakımı","true","UNMAPPED_LIVE_SUBSERVICE","No exact Gold Master scope mapping","UNKNOWN — counsel must determine","CONDITIONAL_OR_UNKNOWN_COUNSEL_TO_CONFIRM","NONE","NONE","TR-GOLD-2026-08-13-v1.0; country pack sha256=3f901161467c6ce2f8b9362de4d576f8d267dc3fdcbf281cbcf45af7f017175e; registry sha256=b23407320589806933bfb6b5057545d7f5c7d660296083b323f5d2b5cb4077c4; public retrieval notes=TR_PUBLIC_SOURCE_RETRIEVAL_NOTES.md","b23407320589806933bfb6b5057545d7f5c7d660296083b323f5d2b5cb4077c4","COUNSEL_REQUIRED — do not infer from research pack","COUNSEL_REQUIRED","COUNSEL_REQUIRED","COUNSEL_REQUIRED","LEGAL_REVIEW_REQUIRED","LEGAL_REVIEW_REQUIRED","Yetkili kurum veya kayıtlı yetkili manuel teyit gerekli; connector NOT_CONFIGURED","NOT_CONFIGURED","PERSON|BUSINESS|QUALIFIED_MANAGER|DRIVER|VEHICLE|OPERATOR|SITE|PROJECT — apply only when counsel marks applicable","FALSE","BLOCKED_LEGAL_REVIEW","","","","","",""
