source_key,authority_issuer,law_or_regulation_title_as_captured,section_article_class_exception,effective_date_text,research_retrieved_at,official_url,archive_reference,archive_file_sha256,source_status,bound_requirement_bundles,bound_coverage_rows,source_unverified_reason,local_counsel_question
"G-NIST-IAL","NIST","G-NIST-IAL","Research source: NIST SP 800-63A — Identity Proofing","","Sun Aug 23 2026 23:14:03 GMT+0000 (Coordinated Universal Time)","https://pages.nist.gov/800-63-4/sp800-63a.html","mf5-v2-research:G-NIST-IAL:0243178194af89282fbb010fe139f4f404b8efc2d03ecfeb4a147254d3e4c96c","0243178194af89282fbb010fe139f4f404b8efc2d03ecfeb4a147254d3e4c96c","SOURCE_UNVERIFIED","[""GLOBAL-IDENTITY-ENTITY""]","[""US-CA-LOS_ANGELES:plumbing:leak-repair"",""US-CA-LOS_ANGELES:plumbing:clogged-drain"",""US-CA-LOS_ANGELES:plumbing:faucet-installation"",""US-CA-LOS_ANGELES:plumbing:boiler-piping"",""US-CA-LOS_ANGELES:electrical:fault-repair"",""US-CA-LOS_ANGELES:electrical:fixture-installation"",""US-CA-LOS_ANGELES:electrical:panel-renewal"",""US-CA-LOS_ANGELES:electrical:smart-home-electrical"",""US-CA-LOS_ANGELES:cleaning:home-cleaning"",""US-CA-LOS_ANGELES:cleaning:office-cleaning"",""US-CA-LOS_ANGELES:cleaning:move-cleaning"",""US-CA-LOS_ANGELES:cleaning:deep-cleaning"",""US-CA-LOS_ANGELES:hvac:ac-installation"",""US-CA-LOS_ANGELES:hvac:ac-maintenance"",""US-CA-LOS_ANGELES:hvac:boiler-maintenance"",""US-CA-LOS_ANGELES:hvac:radiator-heating"",""US-CA-LOS_ANGELES:locksmith:door-opening"",""US-CA-LOS_ANGELES:locksmith:lock-replacement"",""US-CA-LOS_ANGELES:locksmith:car-locksmith"",""US-CA-LOS_ANGELES:painting:interior-painting"",""US-CA-LOS_ANGELES:painting:exterior-painting"",""US-CA-LOS_ANGELES:painting:wallpaper"",""US-CA-LOS_ANGELES:painting:plastering"",""US-CA-LOS_ANGELES:gardening:garden-maintenance"",""US-CA-LOS_ANGELES:gardening:landscaping"",""US-CA-LOS_ANGELES:gardening:pruning"",""US-CA-LOS_ANGELES:gardening:irrigation"",""US-CA-LOS_ANGELES:moving:house-moving"",""US-CA-LOS_ANGELES:moving:office-moving"",""US-CA-LOS_ANGELES:moving:single-item-moving"",""US-CA-LOS_ANGELES:moving:intercity-moving"",""US-CA-LOS_ANGELES:appliance:washing-machine"",""US-CA-LOS_ANGELES:appliance:dishwasher"",""US-CA-LOS_ANGELES:appliance:refrigerator"",""US-CA-LOS_ANGELES:appliance:oven-cooker"",""US-CA-LOS_ANGELES:towing:breakdown-tow"",""US-CA-LOS_ANGELES:towing:accident-tow"",""US-CA-LOS_ANGELES:towing:vehicle-transport"",""US-CA-LOS_ANGELES:courier:document-courier"",""US-CA-LOS_ANGELES:courier:parcel-courier"",""US-CA-LOS_ANGELES:courier:moto-courier"",""US-CA-LOS_ANGELES:courier:scheduled-delivery"",""US-CA-LOS_ANGELES:roadside:battery-jump"",""US-CA-LOS_ANGELES:roadside:tire-change"",""US-CA-LOS_ANGELES:roadside:fuel-delivery"",""US-CA-LOS_ANGELES:roadside:minor-repair"",""US-CA-LOS_ANGELES:home-repair:furniture-assembly"",""US-CA-LOS_ANGELES:home-repair:drywall-repair"",""US-CA-LOS_ANGELES:home-repair:door-window-repair"",""US-CA-LOS_ANGELES:home-repair:general-handyman"",""US-CA-LOS_ANGELES:automotive:vehicle-maintenance"",""US-CA-LOS_ANGELES:automotive:vehicle-diagnostics"",""US-CA-LOS_ANGELES:automotive:tire-service"",""US-CA-LOS_ANGELES:automotive:auto-detailing"",""US-CA-LOS_ANGELES:technology:computer-service"",""US-CA-LOS_ANGELES:technology:mobile-device-service"",""US-CA-LOS_ANGELES:technology:network-setup"",""US-CA-LOS_ANGELES:technology:smart-home-setup"",""US-CA-LOS_ANGELES:personal-care:hair-care"",""US-CA-LOS_ANGELES:personal-care:makeup"",""US-CA-LOS_ANGELES:personal-care:nail-care"",""US-CA-LOS_ANGELES:personal-care:massage""]","No external California/Los Angeles counsel signed row-level approval or immutable SOURCE_VERIFICATION ledger event exists.","Confirm exact legal title, section/classification/exception, effective date, jurisdiction applicability and whether this source is authoritative for each bound requirement before approval."
"G-W3C-VC","W3C","G-W3C-VC","Research source: Verifiable Credentials Data Model 2.0","","Sun Aug 23 2026 23:14:03 GMT+0000 (Coordinated Universal Time)","https://www.w3.org/TR/vc-data-model-2.0/","mf5-v2-research:G-W3C-VC:154b2cb06b5ad2701de94008f8fcac872d9479302413e473b0b09b60a4b1e5ec","154b2cb06b5ad2701de94008f8fcac872d9479302413e473b0b09b60a4b1e5ec","SOURCE_UNVERIFIED","[""GLOBAL-EVIDENCE-CHAIN""]","[""US-CA-LOS_ANGELES:plumbing:leak-repair"",""US-CA-LOS_ANGELES:plumbing:clogged-drain"",""US-CA-LOS_ANGELES:plumbing:faucet-installation"",""US-CA-LOS_ANGELES:plumbing:boiler-piping"",""US-CA-LOS_ANGELES:electrical:fault-repair"",""US-CA-LOS_ANGELES:electrical:fixture-installation"",""US-CA-LOS_ANGELES:electrical:panel-renewal"",""US-CA-LOS_ANGELES:electrical:smart-home-electrical"",""US-CA-LOS_ANGELES:cleaning:home-cleaning"",""US-CA-LOS_ANGELES:cleaning:office-cleaning"",""US-CA-LOS_ANGELES:cleaning:move-cleaning"",""US-CA-LOS_ANGELES:cleaning:deep-cleaning"",""US-CA-LOS_ANGELES:hvac:ac-installation"",""US-CA-LOS_ANGELES:hvac:ac-maintenance"",""US-CA-LOS_ANGELES:hvac:boiler-maintenance"",""US-CA-LOS_ANGELES:hvac:radiator-heating"",""US-CA-LOS_ANGELES:locksmith:door-opening"",""US-CA-LOS_ANGELES:locksmith:lock-replacement"",""US-CA-LOS_ANGELES:locksmith:car-locksmith"",""US-CA-LOS_ANGELES:painting:interior-painting"",""US-CA-LOS_ANGELES:painting:exterior-painting"",""US-CA-LOS_ANGELES:painting:wallpaper"",""US-CA-LOS_ANGELES:painting:plastering"",""US-CA-LOS_ANGELES:gardening:garden-maintenance"",""US-CA-LOS_ANGELES:gardening:landscaping"",""US-CA-LOS_ANGELES:gardening:pruning"",""US-CA-LOS_ANGELES:gardening:irrigation"",""US-CA-LOS_ANGELES:moving:house-moving"",""US-CA-LOS_ANGELES:moving:office-moving"",""US-CA-LOS_ANGELES:moving:single-item-moving"",""US-CA-LOS_ANGELES:moving:intercity-moving"",""US-CA-LOS_ANGELES:appliance:washing-machine"",""US-CA-LOS_ANGELES:appliance:dishwasher"",""US-CA-LOS_ANGELES:appliance:refrigerator"",""US-CA-LOS_ANGELES:appliance:oven-cooker"",""US-CA-LOS_ANGELES:towing:breakdown-tow"",""US-CA-LOS_ANGELES:towing:accident-tow"",""US-CA-LOS_ANGELES:towing:vehicle-transport"",""US-CA-LOS_ANGELES:courier:document-courier"",""US-CA-LOS_ANGELES:courier:parcel-courier"",""US-CA-LOS_ANGELES:courier:moto-courier"",""US-CA-LOS_ANGELES:courier:scheduled-delivery"",""US-CA-LOS_ANGELES:roadside:battery-jump"",""US-CA-LOS_ANGELES:roadside:tire-change"",""US-CA-LOS_ANGELES:roadside:fuel-delivery"",""US-CA-LOS_ANGELES:roadside:minor-repair"",""US-CA-LOS_ANGELES:home-repair:furniture-assembly"",""US-CA-LOS_ANGELES:home-repair:drywall-repair"",""US-CA-LOS_ANGELES:home-repair:door-window-repair"",""US-CA-LOS_ANGELES:home-repair:general-handyman"",""US-CA-LOS_ANGELES:automotive:vehicle-maintenance"",""US-CA-LOS_ANGELES:automotive:vehicle-diagnostics"",""US-CA-LOS_ANGELES:automotive:tire-service"",""US-CA-LOS_ANGELES:automotive:auto-detailing"",""US-CA-LOS_ANGELES:technology:computer-service"",""US-CA-LOS_ANGELES:technology:mobile-device-service"",""US-CA-LOS_ANGELES:technology:network-setup"",""US-CA-LOS_ANGELES:technology:smart-home-setup"",""US-CA-LOS_ANGELES:personal-care:hair-care"",""US-CA-LOS_ANGELES:personal-care:makeup"",""US-CA-LOS_ANGELES:personal-care:nail-care"",""US-CA-LOS_ANGELES:personal-care:massage""]","No external California/Los Angeles counsel signed row-level approval or immutable SOURCE_VERIFICATION ledger event exists.","Confirm exact legal title, section/classification/exception, effective date, jurisdiction applicability and whether this source is authoritative for each bound requirement before approval."
"US-BAR-ARD","California Bureau of Automotive Repair","US-BAR-ARD","Research source: Apply for an Automotive Repair Dealer registration","","Sun Aug 23 2026 23:14:04 GMT+0000 (Coordinated Universal Time)","https://www.bar.ca.gov/apply","mf5-v2-research:US-BAR-ARD:5860b1f4bd6947d9b26e300bdd05d45f376fe70ff6b47030cb5c87804f7c55df","5860b1f4bd6947d9b26e300bdd05d45f376fe70ff6b47030cb5c87804f7c55df","SOURCE_UNVERIFIED","[""US-CA-ARD""]","[""US-CA-LOS_ANGELES:towing:breakdown-tow"",""US-CA-LOS_ANGELES:towing:accident-tow"",""US-CA-LOS_ANGELES:towing:vehicle-transport"",""US-CA-LOS_ANGELES:roadside:tire-change"",""US-CA-LOS_ANGELES:roadside:minor-repair"",""US-CA-LOS_ANGELES:automotive:vehicle-maintenance"",""US-CA-LOS_ANGELES:automotive:vehicle-diagnostics"",""US-CA-LOS_ANGELES:automotive:tire-service"",""US-CA-LOS_ANGELES:automotive:auto-detailing""]","No external California/Los Angeles counsel signed row-level approval or immutable SOURCE_VERIFICATION ledger event exists.","Confirm exact legal title, section/classification/exception, effective date, jurisdiction applicability and whether this source is authoritative for each bound requirement before approval."
"US-BAR-LOOKUP","California BAR","US-BAR-LOOKUP","Research source: Public records and licence lookup","","Sun Aug 23 2026 23:14:05 GMT+0000 (Coordinated Universal Time)","https://bar.ca.gov/public-records","mf5-v2-research:US-BAR-LOOKUP:fd237a7190860fc98f28c18d96a6fb9e2f8cfd105f56c3b174c55bc6874d8e9e","fd237a7190860fc98f28c18d96a6fb9e2f8cfd105f56c3b174c55bc6874d8e9e","SOURCE_UNVERIFIED","[""US-CA-ARD""]","[""US-CA-LOS_ANGELES:towing:breakdown-tow"",""US-CA-LOS_ANGELES:towing:accident-tow"",""US-CA-LOS_ANGELES:towing:vehicle-transport"",""US-CA-LOS_ANGELES:roadside:tire-change"",""US-CA-LOS_ANGELES:roadside:minor-repair"",""US-CA-LOS_ANGELES:automotive:vehicle-maintenance"",""US-CA-LOS_ANGELES:automotive:vehicle-diagnostics"",""US-CA-LOS_ANGELES:automotive:tire-service"",""US-CA-LOS_ANGELES:automotive:auto-detailing""]","No external California/Los Angeles counsel signed row-level approval or immutable SOURCE_VERIFICATION ledger event exists.","Confirm exact legal title, section/classification/exception, effective date, jurisdiction applicability and whether this source is authoritative for each bound requirement before approval."
"US-BC-LICENSE","California Board of Barbering and Cosmetology","US-BC-LICENSE","Research source: Licensee scope","","Sun Aug 23 2026 23:14:06 GMT+0000 (Coordinated Universal Time)","https://www.barbercosmo.ca.gov/licensees/","mf5-v2-research:US-BC-LICENSE:da816e7114feadd3d287f14132fe2e0a02c7c115a39b85b4314ec7d17d0d0423","da816e7114feadd3d287f14132fe2e0a02c7c115a39b85b4314ec7d17d0d0423","SOURCE_UNVERIFIED","[""US-CA-PERSONAL""]","[""US-CA-LOS_ANGELES:personal-care:hair-care"",""US-CA-LOS_ANGELES:personal-care:makeup"",""US-CA-LOS_ANGELES:personal-care:nail-care""]","No external California/Los Angeles counsel signed row-level approval or immutable SOURCE_VERIFICATION ledger event exists.","Confirm exact legal title, section/classification/exception, effective date, jurisdiction applicability and whether this source is authoritative for each bound requirement before approval."
"US-BC-PSP","California Board of Barbering and Cosmetology","US-BC-PSP","Research source: Personal Service Permit","","Sun Aug 23 2026 23:14:06 GMT+0000 (Coordinated Universal Time)","https://barbercosmo.ca.gov/licensees/psp_info.shtml","mf5-v2-research:US-BC-PSP:c3d28576478f8ce2a5289c0c1bdba894e5742ca13824d701a9de70784fb26b91","c3d28576478f8ce2a5289c0c1bdba894e5742ca13824d701a9de70784fb26b91","SOURCE_UNVERIFIED","[""US-CA-PERSONAL""]","[""US-CA-LOS_ANGELES:personal-care:hair-care"",""US-CA-LOS_ANGELES:personal-care:makeup"",""US-CA-LOS_ANGELES:personal-care:nail-care""]","No external California/Los Angeles counsel signed row-level approval or immutable SOURCE_VERIFICATION ledger event exists.","Confirm exact legal title, section/classification/exception, effective date, jurisdiction applicability and whether this source is authoritative for each bound requirement before approval."
"US-BHGS-MOVER","California BHGS","US-BHGS-MOVER","Research source: Household movers FAQ","","Sun Aug 23 2026 23:14:07 GMT+0000 (Coordinated Universal Time)","https://www.bhgs.dca.ca.gov/licensee/hhm_faqs.shtml","mf5-v2-research:US-BHGS-MOVER:be4c3f629910b8d818f67458899e5230cd7f3f6d66683ccdeb8f011098f17070","be4c3f629910b8d818f67458899e5230cd7f3f6d66683ccdeb8f011098f17070","SOURCE_UNVERIFIED","[""US-CA-HHG-MOVER""]","[""US-CA-LOS_ANGELES:moving:house-moving"",""US-CA-LOS_ANGELES:moving:office-moving"",""US-CA-LOS_ANGELES:moving:single-item-moving"",""US-CA-LOS_ANGELES:moving:intercity-moving""]","No external California/Los Angeles counsel signed row-level approval or immutable SOURCE_VERIFICATION ledger event exists.","Confirm exact legal title, section/classification/exception, effective date, jurisdiction applicability and whether this source is authoritative for each bound requirement before approval."
"US-BHGS-REPAIR","California BHGS","US-BHGS-REPAIR","Research source: Electronic/Appliance Service Dealer FAQ","","Sun Aug 23 2026 23:14:08 GMT+0000 (Coordinated Universal Time)","https://bhgs.dca.ca.gov/licensee/bear_faqs.shtml","mf5-v2-research:US-BHGS-REPAIR:e8c3ed7007aef646c63968185d504557004443b45529739dc5d31447d90efadf","e8c3ed7007aef646c63968185d504557004443b45529739dc5d31447d90efadf","SOURCE_UNVERIFIED","[""US-CA-APPLIANCE""]","[""US-CA-LOS_ANGELES:appliance:washing-machine"",""US-CA-LOS_ANGELES:appliance:dishwasher"",""US-CA-LOS_ANGELES:appliance:refrigerator"",""US-CA-LOS_ANGELES:appliance:oven-cooker"",""US-CA-LOS_ANGELES:technology:computer-service"",""US-CA-LOS_ANGELES:technology:mobile-device-service"",""US-CA-LOS_ANGELES:technology:network-setup"",""US-CA-LOS_ANGELES:technology:smart-home-setup""]","No external California/Los Angeles counsel signed row-level approval or immutable SOURCE_VERIFICATION ledger event exists.","Confirm exact legal title, section/classification/exception, effective date, jurisdiction applicability and whether this source is authoritative for each bound requirement before approval."
"US-BPC-7048","California Legislature","US-BPC-7048","Research source: Business and Professions Code §7048","","Sun Aug 23 2026 23:14:09 GMT+0000 (Coordinated Universal Time)","https://leginfo.legislature.ca.gov/faces/codes_displaySection.xhtml?lawCode=BPC&sectionNum=7048.","mf5-v2-research:US-BPC-7048:2f84256b59faed7c48e6bc052fb30448ef127f15c66854e2d0e5a1909fbc636f","2f84256b59faed7c48e6bc052fb30448ef127f15c66854e2d0e5a1909fbc636f","SOURCE_UNVERIFIED","[""US-CA-CONTRACTOR-CLASS"",""US-CA-HOME-REPAIR""]","[""US-CA-LOS_ANGELES:plumbing:leak-repair"",""US-CA-LOS_ANGELES:plumbing:clogged-drain"",""US-CA-LOS_ANGELES:plumbing:faucet-installation"",""US-CA-LOS_ANGELES:plumbing:boiler-piping"",""US-CA-LOS_ANGELES:electrical:fault-repair"",""US-CA-LOS_ANGELES:electrical:fixture-installation"",""US-CA-LOS_ANGELES:electrical:panel-renewal"",""US-CA-LOS_ANGELES:electrical:smart-home-electrical"",""US-CA-LOS_ANGELES:hvac:ac-installation"",""US-CA-LOS_ANGELES:hvac:ac-maintenance"",""US-CA-LOS_ANGELES:hvac:boiler-maintenance"",""US-CA-LOS_ANGELES:hvac:radiator-heating"",""US-CA-LOS_ANGELES:locksmith:door-opening"",""US-CA-LOS_ANGELES:locksmith:lock-replacement"",""US-CA-LOS_ANGELES:locksmith:car-locksmith"",""US-CA-LOS_ANGELES:painting:interior-painting"",""US-CA-LOS_ANGELES:painting:exterior-painting"",""US-CA-LOS_ANGELES:painting:wallpaper"",""US-CA-LOS_ANGELES:painting:plastering"",""US-CA-LOS_ANGELES:gardening:garden-maintenance"",""US-CA-LOS_ANGELES:gardening:landscaping"",""US-CA-LOS_ANGELES:gardening:pruning"",""US-CA-LOS_ANGELES:gardening:irrigation"",""US-CA-LOS_ANGELES:appliance:washing-machine"",""US-CA-LOS_ANGELES:appliance:dishwasher"",""US-CA-LOS_ANGELES:appliance:refrigerator"",""US-CA-LOS_ANGELES:appliance:oven-cooker"",""US-CA-LOS_ANGELES:home-repair:furniture-assembly"",""US-CA-LOS_ANGELES:home-repair:drywall-repair"",""US-CA-LOS_ANGELES:home-repair:door-window-repair"",""US-CA-LOS_ANGELES:home-repair:general-handyman"",""US-CA-LOS_ANGELES:technology:network-setup"",""US-CA-LOS_ANGELES:technology:smart-home-setup""]","No external California/Los Angeles counsel signed row-level approval or immutable SOURCE_VERIFICATION ledger event exists.","Confirm exact legal title, section/classification/exception, effective date, jurisdiction applicability and whether this source is authoritative for each bound requirement before approval."
"US-BSIS-ALARM","California BSIS","US-BSIS-ALARM","Research source: Alarm company operator facts","","Sun Aug 23 2026 23:14:09 GMT+0000 (Coordinated Universal Time)","https://www.bsis.ca.gov/forms_pubs/alarm_fact.shtml","mf5-v2-research:US-BSIS-ALARM:2dbedc40316e44f430dcaec65be861a03ae5f974246e3e75c017dea4e5135553","2dbedc40316e44f430dcaec65be861a03ae5f974246e3e75c017dea4e5135553","SOURCE_UNVERIFIED","[""US-CA-ALARM""]","[""US-CA-LOS_ANGELES:electrical:smart-home-electrical"",""US-CA-LOS_ANGELES:locksmith:door-opening"",""US-CA-LOS_ANGELES:locksmith:lock-replacement"",""US-CA-LOS_ANGELES:locksmith:car-locksmith"",""US-CA-LOS_ANGELES:technology:network-setup"",""US-CA-LOS_ANGELES:technology:smart-home-setup""]","No external California/Los Angeles counsel signed row-level approval or immutable SOURCE_VERIFICATION ledger event exists.","Confirm exact legal title, section/classification/exception, effective date, jurisdiction applicability and whether this source is authoritative for each bound requirement before approval."
"US-BSIS-LOCK","California BSIS","US-BSIS-LOCK","Research source: Locksmith company and employee facts","","Sun Aug 23 2026 23:14:10 GMT+0000 (Coordinated Universal Time)","https://www.bsis.ca.gov/forms_pubs/locksmith_fact.shtml","mf5-v2-research:US-BSIS-LOCK:03d57cf303aea724ed64822fd669fe8c97ee697d33876d71c88dd92c7cf47663","03d57cf303aea724ed64822fd669fe8c97ee697d33876d71c88dd92c7cf47663","SOURCE_UNVERIFIED","[""US-CA-LOCKSMITH""]","[""US-CA-LOS_ANGELES:locksmith:door-opening"",""US-CA-LOS_ANGELES:locksmith:lock-replacement"",""US-CA-LOS_ANGELES:locksmith:car-locksmith""]","No external California/Los Angeles counsel signed row-level approval or immutable SOURCE_VERIFICATION ledger event exists.","Confirm exact legal title, section/classification/exception, effective date, jurisdiction applicability and whether this source is authoritative for each bound requirement before approval."
"US-BSIS-VERIFY","California BSIS","US-BSIS-VERIFY","Research source: Verify a license","","Sun Aug 23 2026 23:14:11 GMT+0000 (Coordinated Universal Time)","https://www.bsis.ca.gov/forms_pubs/online_services/verify_license.shtml","mf5-v2-research:US-BSIS-VERIFY:e6488a6f04e957163973216f5f4ffe0908eae258280c8fc0f4b1ec626f53c0e5","e6488a6f04e957163973216f5f4ffe0908eae258280c8fc0f4b1ec626f53c0e5","SOURCE_UNVERIFIED","[""US-CA-ALARM"",""US-CA-LOCKSMITH""]","[""US-CA-LOS_ANGELES:electrical:smart-home-electrical"",""US-CA-LOS_ANGELES:locksmith:door-opening"",""US-CA-LOS_ANGELES:locksmith:lock-replacement"",""US-CA-LOS_ANGELES:locksmith:car-locksmith"",""US-CA-LOS_ANGELES:technology:network-setup"",""US-CA-LOS_ANGELES:technology:smart-home-setup""]","No external California/Los Angeles counsel signed row-level approval or immutable SOURCE_VERIFICATION ledger event exists.","Confirm exact legal title, section/classification/exception, effective date, jurisdiction applicability and whether this source is authoritative for each bound requirement before approval."
"US-CAMTC","California Massage Therapy Council","US-CAMTC","Research source: Certification FAQ","","Sun Aug 23 2026 23:14:11 GMT+0000 (Coordinated Universal Time)","https://www.camtc.org/faqs/","mf5-v2-research:US-CAMTC:294a315c27fe25a9558170b3fbae732ff868faf476370e7b6b1fc910d827361f","294a315c27fe25a9558170b3fbae732ff868faf476370e7b6b1fc910d827361f","SOURCE_UNVERIFIED","[""US-CA-MASSAGE""]","[""US-CA-LOS_ANGELES:personal-care:massage""]","No external California/Los Angeles counsel signed row-level approval or immutable SOURCE_VERIFICATION ledger event exists.","Confirm exact legal title, section/classification/exception, effective date, jurisdiction applicability and whether this source is authoritative for each bound requirement before approval."
"US-CSLB-CLASS","California CSLB","US-CSLB-CLASS","Research source: Contractor licence classifications","","Sun Aug 23 2026 23:14:12 GMT+0000 (Coordinated Universal Time)","https://www2.cslb.ca.gov/about_us/library/licensing_classifications/","mf5-v2-research:US-CSLB-CLASS:40495eac84c80c8cb4b11aeb95ecfa12effafffc5cdaca4f115b36499b01b7ef","40495eac84c80c8cb4b11aeb95ecfa12effafffc5cdaca4f115b36499b01b7ef","SOURCE_UNVERIFIED","[""US-CA-ALARM"",""US-CA-C10"",""US-CA-C20-C38"",""US-CA-C36"",""US-CA-CONTRACTOR-CLASS"",""US-CA-GARDEN"",""US-CA-HOME-REPAIR"",""US-CA-PAINT""]","[""US-CA-LOS_ANGELES:electrical:smart-home-electrical"",""US-CA-LOS_ANGELES:locksmith:door-opening"",""US-CA-LOS_ANGELES:locksmith:lock-replacement"",""US-CA-LOS_ANGELES:locksmith:car-locksmith"",""US-CA-LOS_ANGELES:technology:network-setup"",""US-CA-LOS_ANGELES:technology:smart-home-setup"",""US-CA-LOS_ANGELES:plumbing:boiler-piping"",""US-CA-LOS_ANGELES:electrical:fault-repair"",""US-CA-LOS_ANGELES:electrical:fixture-installation"",""US-CA-LOS_ANGELES:electrical:panel-renewal"",""US-CA-LOS_ANGELES:hvac:ac-installation"",""US-CA-LOS_ANGELES:hvac:ac-maintenance"",""US-CA-LOS_ANGELES:hvac:boiler-maintenance"",""US-CA-LOS_ANGELES:hvac:radiator-heating"",""US-CA-LOS_ANGELES:gardening:irrigation"",""US-CA-LOS_ANGELES:appliance:washing-machine"",""US-CA-LOS_ANGELES:appliance:dishwasher"",""US-CA-LOS_ANGELES:appliance:refrigerator"",""US-CA-LOS_ANGELES:appliance:oven-cooker"",""US-CA-LOS_ANGELES:home-repair:furniture-assembly"",""US-CA-LOS_ANGELES:home-repair:drywall-repair"",""US-CA-LOS_ANGELES:home-repair:door-window-repair"",""US-CA-LOS_ANGELES:home-repair:general-handyman"",""US-CA-LOS_ANGELES:plumbing:leak-repair"",""US-CA-LOS_ANGELES:plumbing:clogged-drain"",""US-CA-LOS_ANGELES:plumbing:faucet-installation"",""US-CA-LOS_ANGELES:painting:interior-painting"",""US-CA-LOS_ANGELES:painting:exterior-painting"",""US-CA-LOS_ANGELES:painting:wallpaper"",""US-CA-LOS_ANGELES:painting:plastering"",""US-CA-LOS_ANGELES:gardening:garden-maintenance"",""US-CA-LOS_ANGELES:gardening:landscaping"",""US-CA-LOS_ANGELES:gardening:pruning"",""US-CA-LOS_ANGELES:cleaning:home-cleaning"",""US-CA-LOS_ANGELES:cleaning:office-cleaning"",""US-CA-LOS_ANGELES:cleaning:move-cleaning"",""US-CA-LOS_ANGELES:cleaning:deep-cleaning""]","No external California/Los Angeles counsel signed row-level approval or immutable SOURCE_VERIFICATION ledger event exists.","Confirm exact legal title, section/classification/exception, effective date, jurisdiction applicability and whether this source is authoritative for each bound requirement before approval."
"US-CSLB-TRIGGER","California CSLB","US-CSLB-TRIGGER","Research source: What Kind of Contractor Do You Need?","","Sun Aug 23 2026 23:14:13 GMT+0000 (Coordinated Universal Time)","https://www.cslb.ca.gov/Consumers/Hire_A_Contractor/What_Kind_Of_Contractor.aspx","mf5-v2-research:US-CSLB-TRIGGER:c95d549b74d05050b44a27b3d8abc457ef18f1bf6691c588271cd9e054063aca","c95d549b74d05050b44a27b3d8abc457ef18f1bf6691c588271cd9e054063aca","SOURCE_UNVERIFIED","[""US-CA-CONTRACTOR-CLASS"",""US-CA-HOME-REPAIR""]","[""US-CA-LOS_ANGELES:plumbing:leak-repair"",""US-CA-LOS_ANGELES:plumbing:clogged-drain"",""US-CA-LOS_ANGELES:plumbing:faucet-installation"",""US-CA-LOS_ANGELES:plumbing:boiler-piping"",""US-CA-LOS_ANGELES:electrical:fault-repair"",""US-CA-LOS_ANGELES:electrical:fixture-installation"",""US-CA-LOS_ANGELES:electrical:panel-renewal"",""US-CA-LOS_ANGELES:electrical:smart-home-electrical"",""US-CA-LOS_ANGELES:hvac:ac-installation"",""US-CA-LOS_ANGELES:hvac:ac-maintenance"",""US-CA-LOS_ANGELES:hvac:boiler-maintenance"",""US-CA-LOS_ANGELES:hvac:radiator-heating"",""US-CA-LOS_ANGELES:locksmith:door-opening"",""US-CA-LOS_ANGELES:locksmith:lock-replacement"",""US-CA-LOS_ANGELES:locksmith:car-locksmith"",""US-CA-LOS_ANGELES:painting:interior-painting"",""US-CA-LOS_ANGELES:painting:exterior-painting"",""US-CA-LOS_ANGELES:painting:wallpaper"",""US-CA-LOS_ANGELES:painting:plastering"",""US-CA-LOS_ANGELES:gardening:garden-maintenance"",""US-CA-LOS_ANGELES:gardening:landscaping"",""US-CA-LOS_ANGELES:gardening:pruning"",""US-CA-LOS_ANGELES:gardening:irrigation"",""US-CA-LOS_ANGELES:appliance:washing-machine"",""US-CA-LOS_ANGELES:appliance:dishwasher"",""US-CA-LOS_ANGELES:appliance:refrigerator"",""US-CA-LOS_ANGELES:appliance:oven-cooker"",""US-CA-LOS_ANGELES:home-repair:furniture-assembly"",""US-CA-LOS_ANGELES:home-repair:drywall-repair"",""US-CA-LOS_ANGELES:home-repair:door-window-repair"",""US-CA-LOS_ANGELES:home-repair:general-handyman"",""US-CA-LOS_ANGELES:technology:network-setup"",""US-CA-LOS_ANGELES:technology:smart-home-setup""]","No external California/Los Angeles counsel signed row-level approval or immutable SOURCE_VERIFICATION ledger event exists.","Confirm exact legal title, section/classification/exception, effective date, jurisdiction applicability and whether this source is authoritative for each bound requirement before approval."
"US-CSLB-VERIFY","California CSLB","US-CSLB-VERIFY","Research source: Contractor data portal","","Sun Aug 23 2026 23:14:14 GMT+0000 (Coordinated Universal Time)","https://www.cslb.ca.gov/Onlineservices/DataPortal/ListByClassification.aspx","mf5-v2-research:US-CSLB-VERIFY:0975dde4b8f3e893d641d17b477d75a6600c16d76509add477b825ff26c64d28","0975dde4b8f3e893d641d17b477d75a6600c16d76509add477b825ff26c64d28","SOURCE_UNVERIFIED","[""US-CA-ASBESTOS"",""US-CA-C10"",""US-CA-C20-C38"",""US-CA-C36"",""US-CA-CONTRACTOR-CLASS"",""US-CA-GARDEN"",""US-CA-HOME-REPAIR"",""US-CA-PAINT""]","[""US-CA-LOS_ANGELES:cleaning:home-cleaning"",""US-CA-LOS_ANGELES:cleaning:office-cleaning"",""US-CA-LOS_ANGELES:cleaning:move-cleaning"",""US-CA-LOS_ANGELES:cleaning:deep-cleaning"",""US-CA-LOS_ANGELES:painting:interior-painting"",""US-CA-LOS_ANGELES:painting:exterior-painting"",""US-CA-LOS_ANGELES:painting:wallpaper"",""US-CA-LOS_ANGELES:painting:plastering"",""US-CA-LOS_ANGELES:home-repair:furniture-assembly"",""US-CA-LOS_ANGELES:home-repair:drywall-repair"",""US-CA-LOS_ANGELES:home-repair:door-window-repair"",""US-CA-LOS_ANGELES:home-repair:general-handyman"",""US-CA-LOS_ANGELES:plumbing:boiler-piping"",""US-CA-LOS_ANGELES:electrical:fault-repair"",""US-CA-LOS_ANGELES:electrical:fixture-installation"",""US-CA-LOS_ANGELES:electrical:panel-renewal"",""US-CA-LOS_ANGELES:electrical:smart-home-electrical"",""US-CA-LOS_ANGELES:hvac:ac-installation"",""US-CA-LOS_ANGELES:hvac:ac-maintenance"",""US-CA-LOS_ANGELES:hvac:boiler-maintenance"",""US-CA-LOS_ANGELES:hvac:radiator-heating"",""US-CA-LOS_ANGELES:gardening:irrigation"",""US-CA-LOS_ANGELES:appliance:washing-machine"",""US-CA-LOS_ANGELES:appliance:dishwasher"",""US-CA-LOS_ANGELES:appliance:refrigerator"",""US-CA-LOS_ANGELES:appliance:oven-cooker"",""US-CA-LOS_ANGELES:technology:network-setup"",""US-CA-LOS_ANGELES:technology:smart-home-setup"",""US-CA-LOS_ANGELES:plumbing:leak-repair"",""US-CA-LOS_ANGELES:plumbing:clogged-drain"",""US-CA-LOS_ANGELES:plumbing:faucet-installation"",""US-CA-LOS_ANGELES:locksmith:door-opening"",""US-CA-LOS_ANGELES:locksmith:lock-replacement"",""US-CA-LOS_ANGELES:locksmith:car-locksmith"",""US-CA-LOS_ANGELES:gardening:garden-maintenance"",""US-CA-LOS_ANGELES:gardening:landscaping"",""US-CA-LOS_ANGELES:gardening:pruning""]","No external California/Los Angeles counsel signed row-level approval or immutable SOURCE_VERIFICATION ledger event exists.","Confirm exact legal title, section/classification/exception, effective date, jurisdiction applicability and whether this source is authoritative for each bound requirement before approval."
"US-DCA-LOOKUP","California DCA","US-DCA-LOOKUP","Research source: License search","","Sun Aug 23 2026 23:14:14 GMT+0000 (Coordinated Universal Time)","https://search.dca.ca.gov/","mf5-v2-research:US-DCA-LOOKUP:da8882518c9b5f0edd1ae73b08245c468c7319a9b42b38a01ced40b43643dc2a","da8882518c9b5f0edd1ae73b08245c468c7319a9b42b38a01ced40b43643dc2a","SOURCE_UNVERIFIED","[""US-CA-PERSONAL""]","[""US-CA-LOS_ANGELES:personal-care:hair-care"",""US-CA-LOS_ANGELES:personal-care:makeup"",""US-CA-LOS_ANGELES:personal-care:nail-care""]","No external California/Los Angeles counsel signed row-level approval or immutable SOURCE_VERIFICATION ledger event exists.","Confirm exact legal title, section/classification/exception, effective date, jurisdiction applicability and whether this source is authoritative for each bound requirement before approval."
"US-DIR-ASBESTOS","California DIR","US-DIR-ASBESTOS","Research source: Asbestos registration","","Sun Aug 23 2026 23:14:15 GMT+0000 (Coordinated Universal Time)","https://www.dir.ca.gov/dosh/asbestos.html","mf5-v2-research:US-DIR-ASBESTOS:fa552dff0b985fc061761c97a176dd99d365f1c7eefb777db40b2b1ed5b9072a","fa552dff0b985fc061761c97a176dd99d365f1c7eefb777db40b2b1ed5b9072a","SOURCE_UNVERIFIED","[""US-CA-ASBESTOS""]","[""US-CA-LOS_ANGELES:cleaning:home-cleaning"",""US-CA-LOS_ANGELES:cleaning:office-cleaning"",""US-CA-LOS_ANGELES:cleaning:move-cleaning"",""US-CA-LOS_ANGELES:cleaning:deep-cleaning"",""US-CA-LOS_ANGELES:painting:interior-painting"",""US-CA-LOS_ANGELES:painting:exterior-painting"",""US-CA-LOS_ANGELES:painting:wallpaper"",""US-CA-LOS_ANGELES:painting:plastering"",""US-CA-LOS_ANGELES:home-repair:furniture-assembly"",""US-CA-LOS_ANGELES:home-repair:drywall-repair"",""US-CA-LOS_ANGELES:home-repair:door-window-repair"",""US-CA-LOS_ANGELES:home-repair:general-handyman""]","No external California/Los Angeles counsel signed row-level approval or immutable SOURCE_VERIFICATION ledger event exists.","Confirm exact legal title, section/classification/exception, effective date, jurisdiction applicability and whether this source is authoritative for each bound requirement before approval."
"US-DMV-CDL","California DMV","US-DMV-CDL","Research source: Commercial driver licence classes","","Sun Aug 23 2026 23:14:16 GMT+0000 (Coordinated Universal Time)","https://www.dmv.ca.gov/portal/driver-licenses-identification-cards/commercial-driver-licenses-cdl/commercial-driver-license-classes-certifications/","mf5-v2-research:US-DMV-CDL:c64227c168cb624ecfd611e813cc565317543bf72ef0b93b299d67671019c7de","c64227c168cb624ecfd611e813cc565317543bf72ef0b93b299d67671019c7de","SOURCE_UNVERIFIED","[""US-CA-HHG-MOVER"",""US-CA-MCP"",""US-CA-ROAD-BASIC"",""US-CA-TOW"",""US-FMCSA-MOVER""]","[""US-CA-LOS_ANGELES:moving:house-moving"",""US-CA-LOS_ANGELES:moving:office-moving"",""US-CA-LOS_ANGELES:moving:single-item-moving"",""US-CA-LOS_ANGELES:moving:intercity-moving"",""US-CA-LOS_ANGELES:courier:document-courier"",""US-CA-LOS_ANGELES:courier:parcel-courier"",""US-CA-LOS_ANGELES:courier:moto-courier"",""US-CA-LOS_ANGELES:courier:scheduled-delivery"",""US-CA-LOS_ANGELES:roadside:battery-jump"",""US-CA-LOS_ANGELES:roadside:tire-change"",""US-CA-LOS_ANGELES:roadside:fuel-delivery"",""US-CA-LOS_ANGELES:roadside:minor-repair"",""US-CA-LOS_ANGELES:towing:breakdown-tow"",""US-CA-LOS_ANGELES:towing:accident-tow"",""US-CA-LOS_ANGELES:towing:vehicle-transport""]","No external California/Los Angeles counsel signed row-level approval or immutable SOURCE_VERIFICATION ledger event exists.","Confirm exact legal title, section/classification/exception, effective date, jurisdiction applicability and whether this source is authoritative for each bound requirement before approval."
"US-DMV-MCP","California DMV","US-DMV-MCP","Research source: Motor Carrier Permits","","Sun Aug 23 2026 23:14:17 GMT+0000 (Coordinated Universal Time)","https://www.dmv.ca.gov/portal/vehicle-industry-services/motor-carrier-services-mcs/motor-carrier-permits/","mf5-v2-research:US-DMV-MCP:616027d6221b84bbc0b8c2d436f640f802ce3b6167d8cb44d8ba0cc7537bed2b","616027d6221b84bbc0b8c2d436f640f802ce3b6167d8cb44d8ba0cc7537bed2b","SOURCE_UNVERIFIED","[""US-CA-MCP"",""US-CA-TOW""]","[""US-CA-LOS_ANGELES:moving:house-moving"",""US-CA-LOS_ANGELES:moving:office-moving"",""US-CA-LOS_ANGELES:moving:single-item-moving"",""US-CA-LOS_ANGELES:moving:intercity-moving"",""US-CA-LOS_ANGELES:courier:document-courier"",""US-CA-LOS_ANGELES:courier:parcel-courier"",""US-CA-LOS_ANGELES:courier:moto-courier"",""US-CA-LOS_ANGELES:courier:scheduled-delivery"",""US-CA-LOS_ANGELES:towing:breakdown-tow"",""US-CA-LOS_ANGELES:towing:accident-tow"",""US-CA-LOS_ANGELES:towing:vehicle-transport"",""US-CA-LOS_ANGELES:roadside:battery-jump"",""US-CA-LOS_ANGELES:roadside:tire-change"",""US-CA-LOS_ANGELES:roadside:fuel-delivery"",""US-CA-LOS_ANGELES:roadside:minor-repair""]","No external California/Los Angeles counsel signed row-level approval or immutable SOURCE_VERIFICATION ledger event exists.","Confirm exact legal title, section/classification/exception, effective date, jurisdiction applicability and whether this source is authoritative for each bound requirement before approval."
"US-DMV-TTD","California DMV","US-DMV-TTD","Research source: Driver licence certificates and endorsements","","Sun Aug 23 2026 23:14:17 GMT+0000 (Coordinated Universal Time)","https://www.dmv.ca.gov/portal/driver-education-and-safety/dmv-safety-guidelines-actions/driver-license-certificates-and-endorsements/","mf5-v2-research:US-DMV-TTD:645e5daa014dbb85ca5ed71cbfa5020418d5ce63fdfffb63c71a9820251dde6d","645e5daa014dbb85ca5ed71cbfa5020418d5ce63fdfffb63c71a9820251dde6d","SOURCE_UNVERIFIED","[""US-CA-TOW""]","[""US-CA-LOS_ANGELES:towing:breakdown-tow"",""US-CA-LOS_ANGELES:towing:accident-tow"",""US-CA-LOS_ANGELES:towing:vehicle-transport"",""US-CA-LOS_ANGELES:roadside:battery-jump"",""US-CA-LOS_ANGELES:roadside:tire-change"",""US-CA-LOS_ANGELES:roadside:fuel-delivery"",""US-CA-LOS_ANGELES:roadside:minor-repair""]","No external California/Los Angeles counsel signed row-level approval or immutable SOURCE_VERIFICATION ledger event exists.","Confirm exact legal title, section/classification/exception, effective date, jurisdiction applicability and whether this source is authoritative for each bound requirement before approval."
"US-DPR-PEST","California DPR","US-DPR-PEST","Research source: Current licence lists","","Sun Aug 23 2026 23:14:18 GMT+0000 (Coordinated Universal Time)","https://apps.cdpr.ca.gov/docs/license/currlic.cfm","mf5-v2-research:US-DPR-PEST:1551d009f2dc46b0aaf2bb2fa7d20aafa6378d79d3e50fd44b0151004188742b","1551d009f2dc46b0aaf2bb2fa7d20aafa6378d79d3e50fd44b0151004188742b","SOURCE_UNVERIFIED","[""US-CA-GARDEN""]","[""US-CA-LOS_ANGELES:cleaning:home-cleaning"",""US-CA-LOS_ANGELES:cleaning:office-cleaning"",""US-CA-LOS_ANGELES:cleaning:move-cleaning"",""US-CA-LOS_ANGELES:cleaning:deep-cleaning"",""US-CA-LOS_ANGELES:gardening:garden-maintenance"",""US-CA-LOS_ANGELES:gardening:landscaping"",""US-CA-LOS_ANGELES:gardening:pruning"",""US-CA-LOS_ANGELES:gardening:irrigation""]","No external California/Los Angeles counsel signed row-level approval or immutable SOURCE_VERIFICATION ledger event exists.","Confirm exact legal title, section/classification/exception, effective date, jurisdiction applicability and whether this source is authoritative for each bound requirement before approval."
"US-EPA-608","US EPA","US-EPA-608","Research source: Section 608 Technician Certification","","Sun Aug 23 2026 23:14:19 GMT+0000 (Coordinated Universal Time)","https://www.epa.gov/section608/section-608-technician-certification-requirements","mf5-v2-research:US-EPA-608:85d0f527f246912a98e18bd3c246e04604b299d3276267639f96f76d4fc9fe2e","85d0f527f246912a98e18bd3c246e04604b299d3276267639f96f76d4fc9fe2e","SOURCE_UNVERIFIED","[""US-EPA-608""]","[""US-CA-LOS_ANGELES:hvac:ac-installation"",""US-CA-LOS_ANGELES:hvac:ac-maintenance"",""US-CA-LOS_ANGELES:hvac:boiler-maintenance"",""US-CA-LOS_ANGELES:hvac:radiator-heating"",""US-CA-LOS_ANGELES:appliance:refrigerator""]","No external California/Los Angeles counsel signed row-level approval or immutable SOURCE_VERIFICATION ledger event exists.","Confirm exact legal title, section/classification/exception, effective date, jurisdiction applicability and whether this source is authoritative for each bound requirement before approval."
"US-EPA-RRP","US EPA","US-EPA-RRP","Research source: Renovation, Repair and Painting Program","","Sun Aug 23 2026 23:14:20 GMT+0000 (Coordinated Universal Time)","https://www.epa.gov/lead/renovation-repair-and-painting-program-contractors","mf5-v2-research:US-EPA-RRP:a18e806414ceaab279fc19c83443a842d66a3a23f6699d5bb890ff162a4fb8e8","a18e806414ceaab279fc19c83443a842d66a3a23f6699d5bb890ff162a4fb8e8","SOURCE_UNVERIFIED","[""US-EPA-RRP""]","[""US-CA-LOS_ANGELES:plumbing:leak-repair"",""US-CA-LOS_ANGELES:plumbing:clogged-drain"",""US-CA-LOS_ANGELES:plumbing:faucet-installation"",""US-CA-LOS_ANGELES:plumbing:boiler-piping"",""US-CA-LOS_ANGELES:electrical:fault-repair"",""US-CA-LOS_ANGELES:electrical:fixture-installation"",""US-CA-LOS_ANGELES:electrical:panel-renewal"",""US-CA-LOS_ANGELES:electrical:smart-home-electrical"",""US-CA-LOS_ANGELES:cleaning:home-cleaning"",""US-CA-LOS_ANGELES:cleaning:office-cleaning"",""US-CA-LOS_ANGELES:cleaning:move-cleaning"",""US-CA-LOS_ANGELES:cleaning:deep-cleaning"",""US-CA-LOS_ANGELES:hvac:ac-installation"",""US-CA-LOS_ANGELES:hvac:ac-maintenance"",""US-CA-LOS_ANGELES:hvac:boiler-maintenance"",""US-CA-LOS_ANGELES:hvac:radiator-heating"",""US-CA-LOS_ANGELES:painting:interior-painting"",""US-CA-LOS_ANGELES:painting:exterior-painting"",""US-CA-LOS_ANGELES:painting:wallpaper"",""US-CA-LOS_ANGELES:painting:plastering"",""US-CA-LOS_ANGELES:home-repair:furniture-assembly"",""US-CA-LOS_ANGELES:home-repair:drywall-repair"",""US-CA-LOS_ANGELES:home-repair:door-window-repair"",""US-CA-LOS_ANGELES:home-repair:general-handyman""]","No external California/Los Angeles counsel signed row-level approval or immutable SOURCE_VERIFICATION ledger event exists.","Confirm exact legal title, section/classification/exception, effective date, jurisdiction applicability and whether this source is authoritative for each bound requirement before approval."
"US-FMCSA-AUTH","FMCSA","US-FMCSA-AUTH","Research source: Operating authority","","Sun Aug 23 2026 23:14:20 GMT+0000 (Coordinated Universal Time)","https://www.fmcsa.dot.gov/registration/get-mc-number-authority-operate","mf5-v2-research:US-FMCSA-AUTH:9ee401195852c4d7df7872f35280ebe95a48b1469d9adc46043f94b424381bd7","9ee401195852c4d7df7872f35280ebe95a48b1469d9adc46043f94b424381bd7","SOURCE_UNVERIFIED","[""US-FMCSA-MOVER""]","[""US-CA-LOS_ANGELES:moving:house-moving"",""US-CA-LOS_ANGELES:moving:office-moving"",""US-CA-LOS_ANGELES:moving:single-item-moving"",""US-CA-LOS_ANGELES:moving:intercity-moving"",""US-CA-LOS_ANGELES:towing:breakdown-tow"",""US-CA-LOS_ANGELES:towing:accident-tow"",""US-CA-LOS_ANGELES:towing:vehicle-transport"",""US-CA-LOS_ANGELES:courier:document-courier"",""US-CA-LOS_ANGELES:courier:parcel-courier"",""US-CA-LOS_ANGELES:courier:moto-courier"",""US-CA-LOS_ANGELES:courier:scheduled-delivery""]","No external California/Los Angeles counsel signed row-level approval or immutable SOURCE_VERIFICATION ledger event exists.","Confirm exact legal title, section/classification/exception, effective date, jurisdiction applicability and whether this source is authoritative for each bound requirement before approval."
"US-FMCSA-MOVER","FMCSA","US-FMCSA-MOVER","Research source: Search for a registered mover","","Sun Aug 23 2026 23:14:21 GMT+0000 (Coordinated Universal Time)","https://www.fmcsa.dot.gov/protect-your-move/search-mover","mf5-v2-research:US-FMCSA-MOVER:fc6ad1e18019b08d1b35d9241c801257ca28fdd63e43ed1e035d69ceba3dbdba","fc6ad1e18019b08d1b35d9241c801257ca28fdd63e43ed1e035d69ceba3dbdba","SOURCE_UNVERIFIED","[""US-FMCSA-MOVER""]","[""US-CA-LOS_ANGELES:moving:house-moving"",""US-CA-LOS_ANGELES:moving:office-moving"",""US-CA-LOS_ANGELES:moving:single-item-moving"",""US-CA-LOS_ANGELES:moving:intercity-moving"",""US-CA-LOS_ANGELES:towing:breakdown-tow"",""US-CA-LOS_ANGELES:towing:accident-tow"",""US-CA-LOS_ANGELES:towing:vehicle-transport"",""US-CA-LOS_ANGELES:courier:document-courier"",""US-CA-LOS_ANGELES:courier:parcel-courier"",""US-CA-LOS_ANGELES:courier:moto-courier"",""US-CA-LOS_ANGELES:courier:scheduled-delivery""]","No external California/Los Angeles counsel signed row-level approval or immutable SOURCE_VERIFICATION ledger event exists.","Confirm exact legal title, section/classification/exception, effective date, jurisdiction applicability and whether this source is authoritative for each bound requirement before approval."
"US-LA-BTRC","City of Los Angeles Office of Finance","US-LA-BTRC","Research source: Business Tax Registration Certificate","","Sun Aug 23 2026 23:14:22 GMT+0000 (Coordinated Universal Time)","https://finance.lacity.gov/tax-education/new-business-registration/how-register-btrc","mf5-v2-research:US-LA-BTRC:d068f5b2be7ea22fffb2955336ef2344dd21db397a51fea5c300f3954f97002e","d068f5b2be7ea22fffb2955336ef2344dd21db397a51fea5c300f3954f97002e","SOURCE_UNVERIFIED","[""US-CA-CLEAN-ORDINARY"",""US-CA-LA-BASE""]","[""US-CA-LOS_ANGELES:cleaning:home-cleaning"",""US-CA-LOS_ANGELES:cleaning:office-cleaning"",""US-CA-LOS_ANGELES:cleaning:move-cleaning"",""US-CA-LOS_ANGELES:cleaning:deep-cleaning"",""US-CA-LOS_ANGELES:plumbing:leak-repair"",""US-CA-LOS_ANGELES:plumbing:clogged-drain"",""US-CA-LOS_ANGELES:plumbing:faucet-installation"",""US-CA-LOS_ANGELES:plumbing:boiler-piping"",""US-CA-LOS_ANGELES:electrical:fault-repair"",""US-CA-LOS_ANGELES:electrical:fixture-installation"",""US-CA-LOS_ANGELES:electrical:panel-renewal"",""US-CA-LOS_ANGELES:electrical:smart-home-electrical"",""US-CA-LOS_ANGELES:hvac:ac-installation"",""US-CA-LOS_ANGELES:hvac:ac-maintenance"",""US-CA-LOS_ANGELES:hvac:boiler-maintenance"",""US-CA-LOS_ANGELES:hvac:radiator-heating"",""US-CA-LOS_ANGELES:locksmith:door-opening"",""US-CA-LOS_ANGELES:locksmith:lock-replacement"",""US-CA-LOS_ANGELES:locksmith:car-locksmith"",""US-CA-LOS_ANGELES:painting:interior-painting"",""US-CA-LOS_ANGELES:painting:exterior-painting"",""US-CA-LOS_ANGELES:painting:wallpaper"",""US-CA-LOS_ANGELES:painting:plastering"",""US-CA-LOS_ANGELES:gardening:garden-maintenance"",""US-CA-LOS_ANGELES:gardening:landscaping"",""US-CA-LOS_ANGELES:gardening:pruning"",""US-CA-LOS_ANGELES:gardening:irrigation"",""US-CA-LOS_ANGELES:moving:house-moving"",""US-CA-LOS_ANGELES:moving:office-moving"",""US-CA-LOS_ANGELES:moving:single-item-moving"",""US-CA-LOS_ANGELES:moving:intercity-moving"",""US-CA-LOS_ANGELES:appliance:washing-machine"",""US-CA-LOS_ANGELES:appliance:dishwasher"",""US-CA-LOS_ANGELES:appliance:refrigerator"",""US-CA-LOS_ANGELES:appliance:oven-cooker"",""US-CA-LOS_ANGELES:towing:breakdown-tow"",""US-CA-LOS_ANGELES:towing:accident-tow"",""US-CA-LOS_ANGELES:towing:vehicle-transport"",""US-CA-LOS_ANGELES:courier:document-courier"",""US-CA-LOS_ANGELES:courier:parcel-courier"",""US-CA-LOS_ANGELES:courier:moto-courier"",""US-CA-LOS_ANGELES:courier:scheduled-delivery"",""US-CA-LOS_ANGELES:roadside:battery-jump"",""US-CA-LOS_ANGELES:roadside:tire-change"",""US-CA-LOS_ANGELES:roadside:fuel-delivery"",""US-CA-LOS_ANGELES:roadside:minor-repair"",""US-CA-LOS_ANGELES:home-repair:furniture-assembly"",""US-CA-LOS_ANGELES:home-repair:drywall-repair"",""US-CA-LOS_ANGELES:home-repair:door-window-repair"",""US-CA-LOS_ANGELES:home-repair:general-handyman"",""US-CA-LOS_ANGELES:automotive:vehicle-maintenance"",""US-CA-LOS_ANGELES:automotive:vehicle-diagnostics"",""US-CA-LOS_ANGELES:automotive:tire-service"",""US-CA-LOS_ANGELES:automotive:auto-detailing"",""US-CA-LOS_ANGELES:technology:computer-service"",""US-CA-LOS_ANGELES:technology:mobile-device-service"",""US-CA-LOS_ANGELES:technology:network-setup"",""US-CA-LOS_ANGELES:technology:smart-home-setup"",""US-CA-LOS_ANGELES:personal-care:hair-care"",""US-CA-LOS_ANGELES:personal-care:makeup"",""US-CA-LOS_ANGELES:personal-care:nail-care"",""US-CA-LOS_ANGELES:personal-care:massage""]","No external California/Los Angeles counsel signed row-level approval or immutable SOURCE_VERIFICATION ledger event exists.","Confirm exact legal title, section/classification/exception, effective date, jurisdiction applicability and whether this source is authoritative for each bound requirement before approval."
"US-LA-TOW","Los Angeles Police Department","US-LA-TOW","Research source: Tow Unit Operator permit requirements","","Sun Aug 23 2026 23:14:22 GMT+0000 (Coordinated Universal Time)","https://www.lapdonline.org/permit-requirements-for-tow-unit-operator/","mf5-v2-research:US-LA-TOW:ddb351446b4378ae7c0e11f5de7b9458125d8c27e5504570773fe45f1dacc715","ddb351446b4378ae7c0e11f5de7b9458125d8c27e5504570773fe45f1dacc715","SOURCE_UNVERIFIED","[""US-CA-MASSAGE"",""US-CA-TOW""]","[""US-CA-LOS_ANGELES:personal-care:massage"",""US-CA-LOS_ANGELES:towing:breakdown-tow"",""US-CA-LOS_ANGELES:towing:accident-tow"",""US-CA-LOS_ANGELES:towing:vehicle-transport"",""US-CA-LOS_ANGELES:roadside:battery-jump"",""US-CA-LOS_ANGELES:roadside:tire-change"",""US-CA-LOS_ANGELES:roadside:fuel-delivery"",""US-CA-LOS_ANGELES:roadside:minor-repair""]","No external California/Los Angeles counsel signed row-level approval or immutable SOURCE_VERIFICATION ledger event exists.","Confirm exact legal title, section/classification/exception, effective date, jurisdiction applicability and whether this source is authoritative for each bound requirement before approval."
