requirement_id,country,exact_jurisdiction,service_id,subservice_id,task_type,provider_operating_model,required_profile_conditions,residential_commercial_construction,work_type,required_credential_type,credential_subject,issuer_authority,exact_scope_category,validity_expiry_revocation,exemption_transition,source_id,source_status,connector_id,connector_status,risk_level,current_enforcement_state,decision,decision_reason,canonical_capability_id,canonical_capability_key,canonical_capability_display_name,canonical_capability_status,capability_definition_id,blocked_by_default,mapping_state,policy_source_state,policy_legal_state,policy_connector_state,policy_release_state,policy_translation_state,policy_data_residency_state,policy_sanctions_state
DE-BE-BERLIN-CAP-1,DE,DE-BE-BERLIN,3,UNKNOWN,tr.cleaning.standard_home_cleaning,UNKNOWN,PROFILE_INCOMPLETE; no Berlin requirement interpretation approved,UNKNOWN,UNKNOWN,UNKNOWN,UNKNOWN,UNKNOWN,UNKNOWN,UNKNOWN,UNKNOWN,UNBOUND_SOURCE_UNVERIFIED,SOURCE_UNVERIFIED,UNBOUND_CONNECTOR_PENDING,PENDING,UNKNOWN,CLEAR,BLOCKED,UNKNOWN_LEGAL_CREDENTIAL_SCOPE; PROFILE_INCOMPLETE; SOURCE_UNVERIFIED; CONNECTOR_PENDING; DRAFT_MACHINE; RELEASE_PENDING,1,tr.cleaning.standard_home_cleaning,Temizlik — Standart ev temizliği,draft,30001,1,MAPPED_BLOCKED,UNVERIFIED,PENDING,PENDING,PENDING,DRAFT_MACHINE,NOT_READY,UNKNOWN
DE-BE-BERLIN-CAP-2,DE,DE-BE-BERLIN,1,UNKNOWN,tr.plumbing.installation,UNKNOWN,PROFILE_INCOMPLETE; no Berlin requirement interpretation approved,UNKNOWN,UNKNOWN,UNKNOWN,UNKNOWN,UNKNOWN,UNKNOWN,UNKNOWN,UNKNOWN,UNBOUND_SOURCE_UNVERIFIED,SOURCE_UNVERIFIED,UNBOUND_CONNECTOR_PENDING,PENDING,UNKNOWN,CLEAR,BLOCKED,UNKNOWN_LEGAL_CREDENTIAL_SCOPE; PROFILE_INCOMPLETE; SOURCE_UNVERIFIED; CONNECTOR_PENDING; DRAFT_MACHINE; RELEASE_PENDING,2,tr.plumbing.installation,Su Tesisatı — Sıhhi tesisat montajı/yeni hat/armatür,draft,30002,1,MAPPED_BLOCKED,UNVERIFIED,PENDING,PENDING,PENDING,DRAFT_MACHINE,NOT_READY,UNKNOWN
DE-BE-BERLIN-CAP-3,DE,DE-BE-BERLIN,1,UNKNOWN,tr.plumbing.maintenance_repair,UNKNOWN,PROFILE_INCOMPLETE; no Berlin requirement interpretation approved,UNKNOWN,UNKNOWN,UNKNOWN,UNKNOWN,UNKNOWN,UNKNOWN,UNKNOWN,UNKNOWN,UNBOUND_SOURCE_UNVERIFIED,SOURCE_UNVERIFIED,UNBOUND_CONNECTOR_PENDING,PENDING,UNKNOWN,CLEAR,BLOCKED,UNKNOWN_LEGAL_CREDENTIAL_SCOPE; PROFILE_INCOMPLETE; SOURCE_UNVERIFIED; CONNECTOR_PENDING; DRAFT_MACHINE; RELEASE_PENDING,3,tr.plumbing.maintenance_repair,Su Tesisatı — Bakım/arıza/onarım,draft,30003,1,MAPPED_BLOCKED,UNVERIFIED,PENDING,PENDING,PENDING,DRAFT_MACHINE,NOT_READY,UNKNOWN
DE-BE-BERLIN-CAP-4,DE,DE-BE-BERLIN,1,UNKNOWN,tr.plumbing.utility_meter,UNKNOWN,PROFILE_INCOMPLETE; no Berlin requirement interpretation approved,UNKNOWN,UNKNOWN,UNKNOWN,UNKNOWN,UNKNOWN,UNKNOWN,UNKNOWN,UNKNOWN,UNBOUND_SOURCE_UNVERIFIED,SOURCE_UNVERIFIED,UNBOUND_CONNECTOR_PENDING,PENDING,UNKNOWN,CLEAR,BLOCKED,UNKNOWN_LEGAL_CREDENTIAL_SCOPE; PROFILE_INCOMPLETE; SOURCE_UNVERIFIED; CONNECTOR_PENDING; DRAFT_MACHINE; RELEASE_PENDING,4,tr.plumbing.utility_meter,Su Tesisatı — Su sayacı/mühürlü idare ekipmanı,draft,30004,1,MAPPED_BLOCKED,UNVERIFIED,PENDING,PENDING,PENDING,DRAFT_MACHINE,NOT_READY,UNKNOWN
DE-BE-BERLIN-CAP-5,DE,DE-BE-BERLIN,2,UNKNOWN,tr.electrical.residential_installation,UNKNOWN,PROFILE_INCOMPLETE; no Berlin requirement interpretation approved,UNKNOWN,UNKNOWN,UNKNOWN,UNKNOWN,UNKNOWN,UNKNOWN,UNKNOWN,UNKNOWN,UNBOUND_SOURCE_UNVERIFIED,SOURCE_UNVERIFIED,UNBOUND_CONNECTOR_PENDING,PENDING,UNKNOWN,CLEAR,BLOCKED,UNKNOWN_LEGAL_CREDENTIAL_SCOPE; PROFILE_INCOMPLETE; SOURCE_UNVERIFIED; CONNECTOR_PENDING; DRAFT_MACHINE; RELEASE_PENDING,5,tr.electrical.residential_installation,Elektrik — Konut iç tesisat/priz/aydınlatma/arıza,draft,30005,1,MAPPED_BLOCKED,UNVERIFIED,PENDING,PENDING,PENDING,DRAFT_MACHINE,NOT_READY,UNKNOWN
DE-BE-BERLIN-CAP-6,DE,DE-BE-BERLIN,2,UNKNOWN,tr.electrical.panel_or_project,UNKNOWN,PROFILE_INCOMPLETE; no Berlin requirement interpretation approved,UNKNOWN,UNKNOWN,UNKNOWN,UNKNOWN,UNKNOWN,UNKNOWN,UNKNOWN,UNKNOWN,UNBOUND_SOURCE_UNVERIFIED,SOURCE_UNVERIFIED,UNBOUND_CONNECTOR_PENDING,PENDING,UNKNOWN,CLEAR,BLOCKED,UNKNOWN_LEGAL_CREDENTIAL_SCOPE; PROFILE_INCOMPLETE; SOURCE_UNVERIFIED; CONNECTOR_PENDING; DRAFT_MACHINE; RELEASE_PENDING,6,tr.electrical.panel_or_project,Elektrik — Pano/yeni esaslı tesisat/proje yetkisi,draft,30006,1,MAPPED_BLOCKED,UNVERIFIED,PENDING,PENDING,PENDING,DRAFT_MACHINE,NOT_READY,UNKNOWN
DE-BE-BERLIN-CAP-7,DE,DE-BE-BERLIN,2,UNKNOWN,tr.electrical.meter_or_sealed_grid,UNKNOWN,PROFILE_INCOMPLETE; no Berlin requirement interpretation approved,UNKNOWN,UNKNOWN,UNKNOWN,UNKNOWN,UNKNOWN,UNKNOWN,UNKNOWN,UNKNOWN,UNBOUND_SOURCE_UNVERIFIED,SOURCE_UNVERIFIED,UNBOUND_CONNECTOR_PENDING,PENDING,UNKNOWN,CLEAR,BLOCKED,UNKNOWN_LEGAL_CREDENTIAL_SCOPE; PROFILE_INCOMPLETE; SOURCE_UNVERIFIED; CONNECTOR_PENDING; DRAFT_MACHINE; RELEASE_PENDING,7,tr.electrical.meter_or_sealed_grid,Elektrik — Elektrik sayacı/mühürlü dağıtım ekipmanı,draft,30007,1,MAPPED_BLOCKED,UNVERIFIED,PENDING,PENDING,PENDING,DRAFT_MACHINE,NOT_READY,UNKNOWN
DE-BE-BERLIN-CAP-8,DE,DE-BE-BERLIN,6,UNKNOWN,tr.painting.construction_painting,UNKNOWN,PROFILE_INCOMPLETE; no Berlin requirement interpretation approved,UNKNOWN,UNKNOWN,UNKNOWN,UNKNOWN,UNKNOWN,UNKNOWN,UNKNOWN,UNKNOWN,UNBOUND_SOURCE_UNVERIFIED,SOURCE_UNVERIFIED,UNBOUND_CONNECTOR_PENDING,PENDING,UNKNOWN,CLEAR,BLOCKED,UNKNOWN_LEGAL_CREDENTIAL_SCOPE; PROFILE_INCOMPLETE; SOURCE_UNVERIFIED; CONNECTOR_PENDING; DRAFT_MACHINE; RELEASE_PENDING,8,tr.painting.construction_painting,Boya & Badana — İç/dış cephe inşaat boyacılığı,draft,30008,1,MAPPED_BLOCKED,UNVERIFIED,PENDING,PENDING,PENDING,DRAFT_MACHINE,NOT_READY,UNKNOWN
DE-BE-BERLIN-CAP-9,DE,DE-BE-BERLIN,4,UNKNOWN,tr.air_conditioning.cleaning_no_refrigerant,UNKNOWN,PROFILE_INCOMPLETE; no Berlin requirement interpretation approved,UNKNOWN,UNKNOWN,UNKNOWN,UNKNOWN,UNKNOWN,UNKNOWN,UNKNOWN,UNKNOWN,UNBOUND_SOURCE_UNVERIFIED,SOURCE_UNVERIFIED,UNBOUND_CONNECTOR_PENDING,PENDING,UNKNOWN,CLEAR,BLOCKED,UNKNOWN_LEGAL_CREDENTIAL_SCOPE; PROFILE_INCOMPLETE; SOURCE_UNVERIFIED; CONNECTOR_PENDING; DRAFT_MACHINE; RELEASE_PENDING,9,tr.air_conditioning.cleaning_no_refrigerant,Klima — Filtre/dış temizlik; soğutucu devreye müdahale yok,draft,30009,1,MAPPED_BLOCKED,UNVERIFIED,PENDING,PENDING,PENDING,DRAFT_MACHINE,NOT_READY,UNKNOWN
DE-BE-BERLIN-CAP-10,DE,DE-BE-BERLIN,4,UNKNOWN,tr.air_conditioning.installation_service,UNKNOWN,PROFILE_INCOMPLETE; no Berlin requirement interpretation approved,UNKNOWN,UNKNOWN,UNKNOWN,UNKNOWN,UNKNOWN,UNKNOWN,UNKNOWN,UNKNOWN,UNBOUND_SOURCE_UNVERIFIED,SOURCE_UNVERIFIED,UNBOUND_CONNECTOR_PENDING,PENDING,UNKNOWN,CLEAR,BLOCKED,UNKNOWN_LEGAL_CREDENTIAL_SCOPE; PROFILE_INCOMPLETE; SOURCE_UNVERIFIED; CONNECTOR_PENDING; DRAFT_MACHINE; RELEASE_PENDING,10,tr.air_conditioning.installation_service,Klima — Montaj/demontaj/servis,draft,30010,1,MAPPED_BLOCKED,UNVERIFIED,PENDING,PENDING,PENDING,DRAFT_MACHINE,NOT_READY,UNKNOWN
DE-BE-BERLIN-CAP-11,DE,DE-BE-BERLIN,4,UNKNOWN,tr.air_conditioning.refrigerant_circuit,UNKNOWN,PROFILE_INCOMPLETE; no Berlin requirement interpretation approved,UNKNOWN,UNKNOWN,UNKNOWN,UNKNOWN,UNKNOWN,UNKNOWN,UNKNOWN,UNKNOWN,UNBOUND_SOURCE_UNVERIFIED,SOURCE_UNVERIFIED,UNBOUND_CONNECTOR_PENDING,PENDING,UNKNOWN,CLEAR,BLOCKED,UNKNOWN_LEGAL_CREDENTIAL_SCOPE; PROFILE_INCOMPLETE; SOURCE_UNVERIFIED; CONNECTOR_PENDING; DRAFT_MACHINE; RELEASE_PENDING,11,tr.air_conditioning.refrigerant_circuit,Klima — Soğutucu gaz devresi/vakum/şarj/geri kazanım,draft,30011,1,MAPPED_BLOCKED,UNVERIFIED,PENDING,PENDING,PENDING,DRAFT_MACHINE,NOT_READY,UNKNOWN
DE-BE-BERLIN-CAP-12,DE,DE-BE-BERLIN,4,UNKNOWN,tr.heating.heating_service,UNKNOWN,PROFILE_INCOMPLETE; no Berlin requirement interpretation approved,UNKNOWN,UNKNOWN,UNKNOWN,UNKNOWN,UNKNOWN,UNKNOWN,UNKNOWN,UNKNOWN,UNBOUND_SOURCE_UNVERIFIED,SOURCE_UNVERIFIED,UNBOUND_CONNECTOR_PENDING,PENDING,UNKNOWN,CLEAR,BLOCKED,UNKNOWN_LEGAL_CREDENTIAL_SCOPE; PROFILE_INCOMPLETE; SOURCE_UNVERIFIED; CONNECTOR_PENDING; DRAFT_MACHINE; RELEASE_PENDING,12,tr.heating.heating_service,Kombi & Isıtma — Isıtma tesisatı bakım-onarım/servis,draft,30012,1,MAPPED_BLOCKED,UNVERIFIED,PENDING,PENDING,PENDING,DRAFT_MACHINE,NOT_READY,UNKNOWN
DE-BE-BERLIN-CAP-13,DE,DE-BE-BERLIN,4,UNKNOWN,tr.heating.gas_appliance_service,UNKNOWN,PROFILE_INCOMPLETE; no Berlin requirement interpretation approved,UNKNOWN,UNKNOWN,UNKNOWN,UNKNOWN,UNKNOWN,UNKNOWN,UNKNOWN,UNKNOWN,UNBOUND_SOURCE_UNVERIFIED,SOURCE_UNVERIFIED,UNBOUND_CONNECTOR_PENDING,PENDING,UNKNOWN,CLEAR,BLOCKED,UNKNOWN_LEGAL_CREDENTIAL_SCOPE; PROFILE_INCOMPLETE; SOURCE_UNVERIFIED; CONNECTOR_PENDING; DRAFT_MACHINE; RELEASE_PENDING,13,tr.heating.gas_appliance_service,Kombi & Isıtma — Gaz yakıcı cihaz/kombi servis,draft,30013,1,MAPPED_BLOCKED,UNVERIFIED,PENDING,PENDING,PENDING,DRAFT_MACHINE,NOT_READY,UNKNOWN
DE-BE-BERLIN-CAP-14,DE,DE-BE-BERLIN,4,UNKNOWN,tr.heating.natural_gas_installation,UNKNOWN,PROFILE_INCOMPLETE; no Berlin requirement interpretation approved,UNKNOWN,UNKNOWN,UNKNOWN,UNKNOWN,UNKNOWN,UNKNOWN,UNKNOWN,UNKNOWN,UNBOUND_SOURCE_UNVERIFIED,SOURCE_UNVERIFIED,UNBOUND_CONNECTOR_PENDING,PENDING,UNKNOWN,CLEAR,BLOCKED,UNKNOWN_LEGAL_CREDENTIAL_SCOPE; PROFILE_INCOMPLETE; SOURCE_UNVERIFIED; CONNECTOR_PENDING; DRAFT_MACHINE; RELEASE_PENDING,14,tr.heating.natural_gas_installation,Kombi & Isıtma — Doğal gaz iç tesisat/bağlantı/test/bakım,draft,30014,1,MAPPED_BLOCKED,UNVERIFIED,PENDING,PENDING,PENDING,DRAFT_MACHINE,NOT_READY,UNKNOWN
DE-BE-BERLIN-CAP-15,DE,DE-BE-BERLIN,8,UNKNOWN,tr.moving.domestic_household,UNKNOWN,PROFILE_INCOMPLETE; no Berlin requirement interpretation approved,UNKNOWN,UNKNOWN,UNKNOWN,UNKNOWN,UNKNOWN,UNKNOWN,UNKNOWN,UNKNOWN,UNBOUND_SOURCE_UNVERIFIED,SOURCE_UNVERIFIED,UNBOUND_CONNECTOR_PENDING,PENDING,UNKNOWN,CLEAR,BLOCKED,UNKNOWN_LEGAL_CREDENTIAL_SCOPE; PROFILE_INCOMPLETE; SOURCE_UNVERIFIED; CONNECTOR_PENDING; DRAFT_MACHINE; RELEASE_PENDING,15,tr.moving.domestic_household,Nakliyat — Yurtiçi ticari ev/büro eşyası taşıma,draft,30015,1,MAPPED_BLOCKED,UNVERIFIED,PENDING,PENDING,PENDING,DRAFT_MACHINE,NOT_READY,UNKNOWN
DE-BE-BERLIN-CAP-16,DE,DE-BE-BERLIN,8,UNKNOWN,tr.moving.international_household,UNKNOWN,PROFILE_INCOMPLETE; no Berlin requirement interpretation approved,UNKNOWN,UNKNOWN,UNKNOWN,UNKNOWN,UNKNOWN,UNKNOWN,UNKNOWN,UNKNOWN,UNBOUND_SOURCE_UNVERIFIED,SOURCE_UNVERIFIED,UNBOUND_CONNECTOR_PENDING,PENDING,UNKNOWN,CLEAR,BLOCKED,UNKNOWN_LEGAL_CREDENTIAL_SCOPE; PROFILE_INCOMPLETE; SOURCE_UNVERIFIED; CONNECTOR_PENDING; DRAFT_MACHINE; RELEASE_PENDING,16,tr.moving.international_household,Nakliyat — Uluslararası+yurtiçi ticari ev/büro eşyası,draft,30016,1,MAPPED_BLOCKED,UNVERIFIED,PENDING,PENDING,PENDING,DRAFT_MACHINE,NOT_READY,UNKNOWN
DE-BE-BERLIN-CAP-17,DE,DE-BE-BERLIN,8,UNKNOWN,tr.moving.domestic_general_cargo,UNKNOWN,PROFILE_INCOMPLETE; no Berlin requirement interpretation approved,UNKNOWN,UNKNOWN,UNKNOWN,UNKNOWN,UNKNOWN,UNKNOWN,UNKNOWN,UNKNOWN,UNBOUND_SOURCE_UNVERIFIED,SOURCE_UNVERIFIED,UNBOUND_CONNECTOR_PENDING,PENDING,UNKNOWN,CLEAR,BLOCKED,UNKNOWN_LEGAL_CREDENTIAL_SCOPE; PROFILE_INCOMPLETE; SOURCE_UNVERIFIED; CONNECTOR_PENDING; DRAFT_MACHINE; RELEASE_PENDING,17,tr.moving.domestic_general_cargo,Nakliyat — Yurtiçi genel ticari eşya,draft,30017,1,MAPPED_BLOCKED,UNVERIFIED,PENDING,PENDING,PENDING,DRAFT_MACHINE,NOT_READY,UNKNOWN
DE-BE-BERLIN-CAP-18,DE,DE-BE-BERLIN,8,UNKNOWN,tr.moving.lift_or_crane,UNKNOWN,PROFILE_INCOMPLETE; no Berlin requirement interpretation approved,UNKNOWN,UNKNOWN,UNKNOWN,UNKNOWN,UNKNOWN,UNKNOWN,UNKNOWN,UNKNOWN,UNBOUND_SOURCE_UNVERIFIED,SOURCE_UNVERIFIED,UNBOUND_CONNECTOR_PENDING,PENDING,UNKNOWN,CLEAR,BLOCKED,UNKNOWN_LEGAL_CREDENTIAL_SCOPE; PROFILE_INCOMPLETE; SOURCE_UNVERIFIED; CONNECTOR_PENDING; DRAFT_MACHINE; RELEASE_PENDING,18,tr.moving.lift_or_crane,Nakliyat — Asansörlü nakliye/mobil vinç-kaldırma,draft,30018,1,MAPPED_BLOCKED,UNVERIFIED,PENDING,PENDING,PENDING,DRAFT_MACHINE,NOT_READY,UNKNOWN
DE-BE-BERLIN-CAP-19,DE,DE-BE-BERLIN,5,UNKNOWN,tr.locksmith.key_or_lock_work,UNKNOWN,PROFILE_INCOMPLETE; no Berlin requirement interpretation approved,UNKNOWN,UNKNOWN,UNKNOWN,UNKNOWN,UNKNOWN,UNKNOWN,UNKNOWN,UNKNOWN,UNBOUND_SOURCE_UNVERIFIED,SOURCE_UNVERIFIED,UNBOUND_CONNECTOR_PENDING,PENDING,UNKNOWN,CLEAR,BLOCKED,UNKNOWN_LEGAL_CREDENTIAL_SCOPE; PROFILE_INCOMPLETE; SOURCE_UNVERIFIED; CONNECTOR_PENDING; DRAFT_MACHINE; RELEASE_PENDING,19,tr.locksmith.key_or_lock_work,Çilingir — Anahtar çoğaltma/kilit montaj-onarım,draft,30019,1,MAPPED_BLOCKED,UNVERIFIED,PENDING,PENDING,PENDING,DRAFT_MACHINE,NOT_READY,UNKNOWN
DE-BE-BERLIN-CAP-20,DE,DE-BE-BERLIN,5,UNKNOWN,tr.locksmith.property_unlock,UNKNOWN,PROFILE_INCOMPLETE; no Berlin requirement interpretation approved,UNKNOWN,UNKNOWN,UNKNOWN,UNKNOWN,UNKNOWN,UNKNOWN,UNKNOWN,UNKNOWN,UNBOUND_SOURCE_UNVERIFIED,SOURCE_UNVERIFIED,UNBOUND_CONNECTOR_PENDING,PENDING,UNKNOWN,CLEAR,BLOCKED,UNKNOWN_LEGAL_CREDENTIAL_SCOPE; PROFILE_INCOMPLETE; SOURCE_UNVERIFIED; CONNECTOR_PENDING; DRAFT_MACHINE; RELEASE_PENDING,20,tr.locksmith.property_unlock,Çilingir — Konut/işyeri acil kapı açma,draft,30020,1,MAPPED_BLOCKED,UNVERIFIED,PENDING,PENDING,PENDING,DRAFT_MACHINE,NOT_READY,UNKNOWN
DE-BE-BERLIN-CAP-21,DE,DE-BE-BERLIN,5,UNKNOWN,tr.locksmith.vehicle_unlock,UNKNOWN,PROFILE_INCOMPLETE; no Berlin requirement interpretation approved,UNKNOWN,UNKNOWN,UNKNOWN,UNKNOWN,UNKNOWN,UNKNOWN,UNKNOWN,UNKNOWN,UNBOUND_SOURCE_UNVERIFIED,SOURCE_UNVERIFIED,UNBOUND_CONNECTOR_PENDING,PENDING,UNKNOWN,CLEAR,BLOCKED,UNKNOWN_LEGAL_CREDENTIAL_SCOPE; PROFILE_INCOMPLETE; SOURCE_UNVERIFIED; CONNECTOR_PENDING; DRAFT_MACHINE; RELEASE_PENDING,21,tr.locksmith.vehicle_unlock,Çilingir — Araç kilidi açma,draft,30021,1,MAPPED_BLOCKED,UNVERIFIED,PENDING,PENDING,PENDING,DRAFT_MACHINE,NOT_READY,UNKNOWN
DE-BE-BERLIN-CAP-22,DE,DE-BE-BERLIN,13,UNKNOWN,tr.towing.commercial_recovery,UNKNOWN,PROFILE_INCOMPLETE; no Berlin requirement interpretation approved,UNKNOWN,UNKNOWN,UNKNOWN,UNKNOWN,UNKNOWN,UNKNOWN,UNKNOWN,UNKNOWN,UNBOUND_SOURCE_UNVERIFIED,SOURCE_UNVERIFIED,UNBOUND_CONNECTOR_PENDING,PENDING,UNKNOWN,CLEAR,BLOCKED,UNKNOWN_LEGAL_CREDENTIAL_SCOPE; PROFILE_INCOMPLETE; SOURCE_UNVERIFIED; CONNECTOR_PENDING; DRAFT_MACHINE; RELEASE_PENDING,22,tr.towing.commercial_recovery,Çekici — Ticari araç kurtarma/çekme/taşıma,draft,30022,1,MAPPED_BLOCKED,UNVERIFIED,PENDING,PENDING,PENDING,DRAFT_MACHINE,NOT_READY,UNKNOWN
DE-BE-BERLIN-CAP-23,DE,DE-BE-BERLIN,15,UNKNOWN,tr.roadside_assistance.battery_jump,UNKNOWN,PROFILE_INCOMPLETE; no Berlin requirement interpretation approved,UNKNOWN,UNKNOWN,UNKNOWN,UNKNOWN,UNKNOWN,UNKNOWN,UNKNOWN,UNKNOWN,UNBOUND_SOURCE_UNVERIFIED,SOURCE_UNVERIFIED,UNBOUND_CONNECTOR_PENDING,PENDING,UNKNOWN,CLEAR,BLOCKED,UNKNOWN_LEGAL_CREDENTIAL_SCOPE; PROFILE_INCOMPLETE; SOURCE_UNVERIFIED; CONNECTOR_PENDING; DRAFT_MACHINE; RELEASE_PENDING,23,tr.roadside_assistance.battery_jump,Yol Yardım — Akü takviyesi/basit destek,draft,30023,1,MAPPED_BLOCKED,UNVERIFIED,PENDING,PENDING,PENDING,DRAFT_MACHINE,NOT_READY,UNKNOWN
DE-BE-BERLIN-CAP-24,DE,DE-BE-BERLIN,15,UNKNOWN,tr.roadside_assistance.tire_service,UNKNOWN,PROFILE_INCOMPLETE; no Berlin requirement interpretation approved,UNKNOWN,UNKNOWN,UNKNOWN,UNKNOWN,UNKNOWN,UNKNOWN,UNKNOWN,UNKNOWN,UNBOUND_SOURCE_UNVERIFIED,SOURCE_UNVERIFIED,UNBOUND_CONNECTOR_PENDING,PENDING,UNKNOWN,CLEAR,BLOCKED,UNKNOWN_LEGAL_CREDENTIAL_SCOPE; PROFILE_INCOMPLETE; SOURCE_UNVERIFIED; CONNECTOR_PENDING; DRAFT_MACHINE; RELEASE_PENDING,24,tr.roadside_assistance.tire_service,Yol Yardım — Lastik/jant bakım-onarım,draft,30024,1,MAPPED_BLOCKED,UNVERIFIED,PENDING,PENDING,PENDING,DRAFT_MACHINE,NOT_READY,UNKNOWN
DE-BE-BERLIN-CAP-25,DE,DE-BE-BERLIN,15,UNKNOWN,tr.roadside_assistance.roadside_mechanic,UNKNOWN,PROFILE_INCOMPLETE; no Berlin requirement interpretation approved,UNKNOWN,UNKNOWN,UNKNOWN,UNKNOWN,UNKNOWN,UNKNOWN,UNKNOWN,UNKNOWN,UNBOUND_SOURCE_UNVERIFIED,SOURCE_UNVERIFIED,UNBOUND_CONNECTOR_PENDING,PENDING,UNKNOWN,CLEAR,BLOCKED,UNKNOWN_LEGAL_CREDENTIAL_SCOPE; PROFILE_INCOMPLETE; SOURCE_UNVERIFIED; CONNECTOR_PENDING; DRAFT_MACHINE; RELEASE_PENDING,25,tr.roadside_assistance.roadside_mechanic,Yol Yardım — Yol üstü mekanik arıza tespit/onarım,draft,30025,1,MAPPED_BLOCKED,UNVERIFIED,PENDING,PENDING,PENDING,DRAFT_MACHINE,NOT_READY,UNKNOWN
DE-BE-BERLIN-CAP-26,DE,DE-BE-BERLIN,15,UNKNOWN,tr.roadside_assistance.vehicle_recovery,UNKNOWN,PROFILE_INCOMPLETE; no Berlin requirement interpretation approved,UNKNOWN,UNKNOWN,UNKNOWN,UNKNOWN,UNKNOWN,UNKNOWN,UNKNOWN,UNKNOWN,UNBOUND_SOURCE_UNVERIFIED,SOURCE_UNVERIFIED,UNBOUND_CONNECTOR_PENDING,PENDING,UNKNOWN,CLEAR,BLOCKED,UNKNOWN_LEGAL_CREDENTIAL_SCOPE; PROFILE_INCOMPLETE; SOURCE_UNVERIFIED; CONNECTOR_PENDING; DRAFT_MACHINE; RELEASE_PENDING,26,tr.roadside_assistance.vehicle_recovery,Yol Yardım — Araç çekme/kurtarma,draft,30026,1,MAPPED_BLOCKED,UNVERIFIED,PENDING,PENDING,PENDING,DRAFT_MACHINE,NOT_READY,UNKNOWN
DE-BE-BERLIN-CAP-27,DE,DE-BE-BERLIN,15,UNKNOWN,tr.roadside_assistance.vehicle_unlock,UNKNOWN,PROFILE_INCOMPLETE; no Berlin requirement interpretation approved,UNKNOWN,UNKNOWN,UNKNOWN,UNKNOWN,UNKNOWN,UNKNOWN,UNKNOWN,UNKNOWN,UNBOUND_SOURCE_UNVERIFIED,SOURCE_UNVERIFIED,UNBOUND_CONNECTOR_PENDING,PENDING,UNKNOWN,CLEAR,BLOCKED,UNKNOWN_LEGAL_CREDENTIAL_SCOPE; PROFILE_INCOMPLETE; SOURCE_UNVERIFIED; CONNECTOR_PENDING; DRAFT_MACHINE; RELEASE_PENDING,27,tr.roadside_assistance.vehicle_unlock,Yol Yardım — Araç kilidi açma,draft,30027,1,MAPPED_BLOCKED,UNVERIFIED,PENDING,PENDING,PENDING,DRAFT_MACHINE,NOT_READY,UNKNOWN
DE-BE-BERLIN-CAP-28,DE,DE-BE-BERLIN,15,UNKNOWN,tr.roadside_assistance.fuel_delivery,UNKNOWN,PROFILE_INCOMPLETE; no Berlin requirement interpretation approved,UNKNOWN,UNKNOWN,UNKNOWN,UNKNOWN,UNKNOWN,UNKNOWN,UNKNOWN,UNKNOWN,UNBOUND_SOURCE_UNVERIFIED,SOURCE_UNVERIFIED,UNBOUND_CONNECTOR_PENDING,PENDING,UNKNOWN,CLEAR,BLOCKED,UNKNOWN_LEGAL_CREDENTIAL_SCOPE; PROFILE_INCOMPLETE; SOURCE_UNVERIFIED; CONNECTOR_PENDING; DRAFT_MACHINE; RELEASE_PENDING,28,tr.roadside_assistance.fuel_delivery,Yol Yardım — Yolda yakıt ulaştırma,draft,30028,1,MAPPED_BLOCKED,UNVERIFIED,PENDING,PENDING,PENDING,DRAFT_MACHINE,NOT_READY,UNKNOWN
DE-BE-BERLIN-CAP-29,DE,DE-BE-BERLIN,14,UNKNOWN,tr.courier.urban_motor_courier,UNKNOWN,PROFILE_INCOMPLETE; no Berlin requirement interpretation approved,UNKNOWN,UNKNOWN,UNKNOWN,UNKNOWN,UNKNOWN,UNKNOWN,UNKNOWN,UNKNOWN,UNBOUND_SOURCE_UNVERIFIED,SOURCE_UNVERIFIED,UNBOUND_CONNECTOR_PENDING,PENDING,UNKNOWN,CLEAR,BLOCKED,UNKNOWN_LEGAL_CREDENTIAL_SCOPE; PROFILE_INCOMPLETE; SOURCE_UNVERIFIED; CONNECTOR_PENDING; DRAFT_MACHINE; RELEASE_PENDING,29,tr.courier.urban_motor_courier,Kurye & Evrak — İliçi motorlu kurye,draft,30029,1,MAPPED_BLOCKED,UNVERIFIED,PENDING,PENDING,PENDING,DRAFT_MACHINE,NOT_READY,UNKNOWN
DE-BE-BERLIN-CAP-30,DE,DE-BE-BERLIN,14,UNKNOWN,tr.courier.national_courier,UNKNOWN,PROFILE_INCOMPLETE; no Berlin requirement interpretation approved,UNKNOWN,UNKNOWN,UNKNOWN,UNKNOWN,UNKNOWN,UNKNOWN,UNKNOWN,UNKNOWN,UNBOUND_SOURCE_UNVERIFIED,SOURCE_UNVERIFIED,UNBOUND_CONNECTOR_PENDING,PENDING,UNKNOWN,CLEAR,BLOCKED,UNKNOWN_LEGAL_CREDENTIAL_SCOPE; PROFILE_INCOMPLETE; SOURCE_UNVERIFIED; CONNECTOR_PENDING; DRAFT_MACHINE; RELEASE_PENDING,30,tr.courier.national_courier,Kurye & Evrak — Yurtiçi geniş kapsam dağıtım/kurye,draft,30030,1,MAPPED_BLOCKED,UNVERIFIED,PENDING,PENDING,PENDING,DRAFT_MACHINE,NOT_READY,UNKNOWN
DE-BE-BERLIN-CAP-31,DE,DE-BE-BERLIN,14,UNKNOWN,tr.courier.pedestrian_or_bicycle,UNKNOWN,PROFILE_INCOMPLETE; no Berlin requirement interpretation approved,UNKNOWN,UNKNOWN,UNKNOWN,UNKNOWN,UNKNOWN,UNKNOWN,UNKNOWN,UNKNOWN,UNBOUND_SOURCE_UNVERIFIED,SOURCE_UNVERIFIED,UNBOUND_CONNECTOR_PENDING,PENDING,UNKNOWN,CLEAR,BLOCKED,UNKNOWN_LEGAL_CREDENTIAL_SCOPE; PROFILE_INCOMPLETE; SOURCE_UNVERIFIED; CONNECTOR_PENDING; DRAFT_MACHINE; RELEASE_PENDING,31,tr.courier.pedestrian_or_bicycle,Kurye & Evrak — Yaya/bisikletli kurye,draft,30031,1,MAPPED_BLOCKED,UNVERIFIED,PENDING,PENDING,PENDING,DRAFT_MACHINE,NOT_READY,UNKNOWN
DE-BE-BERLIN-CAP-32,DE,DE-BE-BERLIN,60002,UNKNOWN,tr.furniture.assembly,UNKNOWN,PROFILE_INCOMPLETE; no Berlin requirement interpretation approved,UNKNOWN,UNKNOWN,UNKNOWN,UNKNOWN,UNKNOWN,UNKNOWN,UNKNOWN,UNKNOWN,UNBOUND_SOURCE_UNVERIFIED,SOURCE_UNVERIFIED,UNBOUND_CONNECTOR_PENDING,PENDING,UNKNOWN,CLEAR,BLOCKED,UNKNOWN_LEGAL_CREDENTIAL_SCOPE; PROFILE_INCOMPLETE; SOURCE_UNVERIFIED; CONNECTOR_PENDING; DRAFT_MACHINE; RELEASE_PENDING,32,tr.furniture.assembly,Mobilya & Montaj — Hazır mobilya/dekorasyon montajı,draft,30032,1,MAPPED_BLOCKED,UNVERIFIED,PENDING,PENDING,PENDING,DRAFT_MACHINE,NOT_READY,UNKNOWN
DE-BE-BERLIN-CAP-33,DE,DE-BE-BERLIN,60002,UNKNOWN,tr.furniture.wood_manufacturing,UNKNOWN,PROFILE_INCOMPLETE; no Berlin requirement interpretation approved,UNKNOWN,UNKNOWN,UNKNOWN,UNKNOWN,UNKNOWN,UNKNOWN,UNKNOWN,UNKNOWN,UNBOUND_SOURCE_UNVERIFIED,SOURCE_UNVERIFIED,UNBOUND_CONNECTOR_PENDING,PENDING,UNKNOWN,CLEAR,BLOCKED,UNKNOWN_LEGAL_CREDENTIAL_SCOPE; PROFILE_INCOMPLETE; SOURCE_UNVERIFIED; CONNECTOR_PENDING; DRAFT_MACHINE; RELEASE_PENDING,33,tr.furniture.wood_manufacturing,Mobilya & Montaj — Ahşap mobilya imalatı/imalat kapsamlı onarım,draft,30033,1,MAPPED_BLOCKED,UNVERIFIED,PENDING,PENDING,PENDING,DRAFT_MACHINE,NOT_READY,UNKNOWN
DE-BE-BERLIN-CAP-34,DE,DE-BE-BERLIN,60003,UNKNOWN,tr.automotive.mechanic,UNKNOWN,PROFILE_INCOMPLETE; no Berlin requirement interpretation approved,UNKNOWN,UNKNOWN,UNKNOWN,UNKNOWN,UNKNOWN,UNKNOWN,UNKNOWN,UNKNOWN,UNBOUND_SOURCE_UNVERIFIED,SOURCE_UNVERIFIED,UNBOUND_CONNECTOR_PENDING,PENDING,UNKNOWN,CLEAR,BLOCKED,UNKNOWN_LEGAL_CREDENTIAL_SCOPE; PROFILE_INCOMPLETE; SOURCE_UNVERIFIED; CONNECTOR_PENDING; DRAFT_MACHINE; RELEASE_PENDING,34,tr.automotive.mechanic,"Otomotiv / Motor Ustası — Motor/mekanik bakım, arıza tespit ve onarım",draft,30034,1,MAPPED_BLOCKED,UNVERIFIED,PENDING,PENDING,PENDING,DRAFT_MACHINE,NOT_READY,UNKNOWN
DE-BE-BERLIN-CAP-35,DE,DE-BE-BERLIN,60003,UNKNOWN,tr.automotive.electromechanic,UNKNOWN,PROFILE_INCOMPLETE; no Berlin requirement interpretation approved,UNKNOWN,UNKNOWN,UNKNOWN,UNKNOWN,UNKNOWN,UNKNOWN,UNKNOWN,UNKNOWN,UNBOUND_SOURCE_UNVERIFIED,SOURCE_UNVERIFIED,UNBOUND_CONNECTOR_PENDING,PENDING,UNKNOWN,CLEAR,BLOCKED,UNKNOWN_LEGAL_CREDENTIAL_SCOPE; PROFILE_INCOMPLETE; SOURCE_UNVERIFIED; CONNECTOR_PENDING; DRAFT_MACHINE; RELEASE_PENDING,35,tr.automotive.electromechanic,Otomotiv / Motor Ustası — Otomotiv elektrik/elektronik/elektromekanik,draft,30035,1,MAPPED_BLOCKED,UNVERIFIED,PENDING,PENDING,PENDING,DRAFT_MACHINE,NOT_READY,UNKNOWN
DE-BE-BERLIN-CAP-36,DE,DE-BE-BERLIN,60003,UNKNOWN,tr.automotive.tire,UNKNOWN,PROFILE_INCOMPLETE; no Berlin requirement interpretation approved,UNKNOWN,UNKNOWN,UNKNOWN,UNKNOWN,UNKNOWN,UNKNOWN,UNKNOWN,UNKNOWN,UNBOUND_SOURCE_UNVERIFIED,SOURCE_UNVERIFIED,UNBOUND_CONNECTOR_PENDING,PENDING,UNKNOWN,CLEAR,BLOCKED,UNKNOWN_LEGAL_CREDENTIAL_SCOPE; PROFILE_INCOMPLETE; SOURCE_UNVERIFIED; CONNECTOR_PENDING; DRAFT_MACHINE; RELEASE_PENDING,36,tr.automotive.tire,Otomotiv / Motor Ustası — Lastik/jant,draft,30036,1,MAPPED_BLOCKED,UNVERIFIED,PENDING,PENDING,PENDING,DRAFT_MACHINE,NOT_READY,UNKNOWN
DE-BE-BERLIN-CAP-37,DE,DE-BE-BERLIN,60003,UNKNOWN,tr.automotive.body_and_paint,UNKNOWN,PROFILE_INCOMPLETE; no Berlin requirement interpretation approved,UNKNOWN,UNKNOWN,UNKNOWN,UNKNOWN,UNKNOWN,UNKNOWN,UNKNOWN,UNKNOWN,UNBOUND_SOURCE_UNVERIFIED,SOURCE_UNVERIFIED,UNBOUND_CONNECTOR_PENDING,PENDING,UNKNOWN,CLEAR,BLOCKED,UNKNOWN_LEGAL_CREDENTIAL_SCOPE; PROFILE_INCOMPLETE; SOURCE_UNVERIFIED; CONNECTOR_PENDING; DRAFT_MACHINE; RELEASE_PENDING,37,tr.automotive.body_and_paint,Otomotiv / Motor Ustası — Gövde/kaporta/boya onarım,draft,30037,1,MAPPED_BLOCKED,UNVERIFIED,PENDING,PENDING,PENDING,DRAFT_MACHINE,NOT_READY,UNKNOWN
DE-BE-BERLIN-CAP-38,DE,DE-BE-BERLIN,60003,UNKNOWN,tr.automotive.authorized_service_claim,UNKNOWN,PROFILE_INCOMPLETE; no Berlin requirement interpretation approved,UNKNOWN,UNKNOWN,UNKNOWN,UNKNOWN,UNKNOWN,UNKNOWN,UNKNOWN,UNKNOWN,UNBOUND_SOURCE_UNVERIFIED,SOURCE_UNVERIFIED,UNBOUND_CONNECTOR_PENDING,PENDING,UNKNOWN,CLEAR,BLOCKED,UNKNOWN_LEGAL_CREDENTIAL_SCOPE; PROFILE_INCOMPLETE; SOURCE_UNVERIFIED; CONNECTOR_PENDING; DRAFT_MACHINE; RELEASE_PENDING,38,tr.automotive.authorized_service_claim,Otomotiv / Motor Ustası — Marka yetkili servis iddiası,draft,30038,1,MAPPED_BLOCKED,UNVERIFIED,PENDING,PENDING,PENDING,DRAFT_MACHINE,NOT_READY,UNKNOWN
DE-BE-BERLIN-CAP-30001,DE,DE-BE-BERLIN,UNKNOWN,UNKNOWN,towing,UNKNOWN,PROFILE_INCOMPLETE; no Berlin requirement interpretation approved,UNKNOWN,UNKNOWN,UNKNOWN,UNKNOWN,UNKNOWN,UNKNOWN,UNKNOWN,UNKNOWN,UNBOUND_SOURCE_UNVERIFIED,SOURCE_UNVERIFIED,UNBOUND_CONNECTOR_PENDING,PENDING,UNKNOWN,CLEAR,BLOCKED,UNKNOWN_LEGAL_CREDENTIAL_SCOPE; PROFILE_INCOMPLETE; SOURCE_UNVERIFIED; CONNECTOR_PENDING; DRAFT_MACHINE; RELEASE_PENDING,30001,towing,Çekici,draft,30039,1,MAPPED_BLOCKED,UNVERIFIED,PENDING,PENDING,PENDING,DRAFT_MACHINE,NOT_READY,UNKNOWN
DE-BE-BERLIN-CAP-30003,DE,DE-BE-BERLIN,UNKNOWN,UNKNOWN,courier,UNKNOWN,PROFILE_INCOMPLETE; no Berlin requirement interpretation approved,UNKNOWN,UNKNOWN,UNKNOWN,UNKNOWN,UNKNOWN,UNKNOWN,UNKNOWN,UNKNOWN,UNBOUND_SOURCE_UNVERIFIED,SOURCE_UNVERIFIED,UNBOUND_CONNECTOR_PENDING,PENDING,UNKNOWN,CLEAR,BLOCKED,UNKNOWN_LEGAL_CREDENTIAL_SCOPE; PROFILE_INCOMPLETE; SOURCE_UNVERIFIED; CONNECTOR_PENDING; DRAFT_MACHINE; RELEASE_PENDING,30003,courier,Kurye,draft,30040,1,MAPPED_BLOCKED,UNVERIFIED,PENDING,PENDING,PENDING,DRAFT_MACHINE,NOT_READY,UNKNOWN
DE-BE-BERLIN-CAP-30004,DE,DE-BE-BERLIN,UNKNOWN,UNKNOWN,roadside,UNKNOWN,PROFILE_INCOMPLETE; no Berlin requirement interpretation approved,UNKNOWN,UNKNOWN,UNKNOWN,UNKNOWN,UNKNOWN,UNKNOWN,UNKNOWN,UNKNOWN,UNBOUND_SOURCE_UNVERIFIED,SOURCE_UNVERIFIED,UNBOUND_CONNECTOR_PENDING,PENDING,UNKNOWN,CLEAR,BLOCKED,UNKNOWN_LEGAL_CREDENTIAL_SCOPE; PROFILE_INCOMPLETE; SOURCE_UNVERIFIED; CONNECTOR_PENDING; DRAFT_MACHINE; RELEASE_PENDING,30004,roadside,Yol Yardımı,draft,30041,1,MAPPED_BLOCKED,UNVERIFIED,PENDING,PENDING,PENDING,DRAFT_MACHINE,NOT_READY,UNKNOWN
DE-BE-BERLIN-CAP-60001,DE,DE-BE-BERLIN,3,4,tr-gold-cleaning-1-standart-ev-temizligi,UNKNOWN,PROFILE_INCOMPLETE; no Berlin requirement interpretation approved,UNKNOWN,UNKNOWN,UNKNOWN,UNKNOWN,UNKNOWN,UNKNOWN,UNKNOWN,UNKNOWN,UNBOUND_SOURCE_UNVERIFIED,SOURCE_UNVERIFIED,UNBOUND_CONNECTOR_PENDING,PENDING,UNKNOWN,CLEAR,BLOCKED,UNKNOWN_LEGAL_CREDENTIAL_SCOPE; PROFILE_INCOMPLETE; SOURCE_UNVERIFIED; CONNECTOR_PENDING; DRAFT_MACHINE; RELEASE_PENDING,60001,tr-gold-cleaning-1-standart-ev-temizligi,Temizlik — Standart ev temizliği,draft,30042,1,MAPPED_BLOCKED,UNVERIFIED,PENDING,PENDING,PENDING,DRAFT_MACHINE,NOT_READY,UNKNOWN
DE-BE-BERLIN-CAP-60002,DE,DE-BE-BERLIN,1,52,tr-gold-plumbing-1-s-hhi-tesisat-montaj-yeni-hat-armatur,UNKNOWN,PROFILE_INCOMPLETE; no Berlin requirement interpretation approved,UNKNOWN,UNKNOWN,UNKNOWN,UNKNOWN,UNKNOWN,UNKNOWN,UNKNOWN,UNKNOWN,UNBOUND_SOURCE_UNVERIFIED,SOURCE_UNVERIFIED,UNBOUND_CONNECTOR_PENDING,PENDING,UNKNOWN,CLEAR,BLOCKED,UNKNOWN_LEGAL_CREDENTIAL_SCOPE; PROFILE_INCOMPLETE; SOURCE_UNVERIFIED; CONNECTOR_PENDING; DRAFT_MACHINE; RELEASE_PENDING,60002,tr-gold-plumbing-1-s-hhi-tesisat-montaj-yeni-hat-armatur,Su Tesisatı — Sıhhi tesisat montajı / yeni hat / armatür,draft,30043,1,MAPPED_BLOCKED,UNVERIFIED,PENDING,PENDING,PENDING,DRAFT_MACHINE,NOT_READY,UNKNOWN
DE-BE-BERLIN-CAP-60003,DE,DE-BE-BERLIN,1,15,tr-gold-plumbing-2-bak-m-ar-za-onar-m,UNKNOWN,PROFILE_INCOMPLETE; no Berlin requirement interpretation approved,UNKNOWN,UNKNOWN,UNKNOWN,UNKNOWN,UNKNOWN,UNKNOWN,UNKNOWN,UNKNOWN,UNBOUND_SOURCE_UNVERIFIED,SOURCE_UNVERIFIED,UNBOUND_CONNECTOR_PENDING,PENDING,UNKNOWN,CLEAR,BLOCKED,UNKNOWN_LEGAL_CREDENTIAL_SCOPE; PROFILE_INCOMPLETE; SOURCE_UNVERIFIED; CONNECTOR_PENDING; DRAFT_MACHINE; RELEASE_PENDING,60003,tr-gold-plumbing-2-bak-m-ar-za-onar-m,Su Tesisatı — Bakım / arıza / onarım,draft,30044,1,MAPPED_BLOCKED,UNVERIFIED,PENDING,PENDING,PENDING,DRAFT_MACHINE,NOT_READY,UNKNOWN
DE-BE-BERLIN-CAP-60004,DE,DE-BE-BERLIN,UNKNOWN,UNKNOWN,tr-gold-plumbing-3-su-sayac-muhurlu-idare-ekipman,UNKNOWN,PROFILE_INCOMPLETE; no Berlin requirement interpretation approved,UNKNOWN,UNKNOWN,UNKNOWN,UNKNOWN,UNKNOWN,UNKNOWN,UNKNOWN,UNKNOWN,UNBOUND_SOURCE_UNVERIFIED,SOURCE_UNVERIFIED,UNBOUND_CONNECTOR_PENDING,PENDING,UNKNOWN,CLEAR,BLOCKED,UNKNOWN_LEGAL_CREDENTIAL_SCOPE; PROFILE_INCOMPLETE; SOURCE_UNVERIFIED; CONNECTOR_PENDING; DRAFT_MACHINE; RELEASE_PENDING,60004,tr-gold-plumbing-3-su-sayac-muhurlu-idare-ekipman,Su Tesisatı — Su sayacı / mühürlü-idare ekipmanı,draft,30045,1,MAPPED_BLOCKED,UNVERIFIED,PENDING,PENDING,PENDING,DRAFT_MACHINE,NOT_READY,UNKNOWN
DE-BE-BERLIN-CAP-60005,DE,DE-BE-BERLIN,2,1,tr-gold-electrical-1-konut-ic-tesisat-priz-anahtar-ayd-nlatma-ar-za,UNKNOWN,PROFILE_INCOMPLETE; no Berlin requirement interpretation approved,UNKNOWN,UNKNOWN,UNKNOWN,UNKNOWN,UNKNOWN,UNKNOWN,UNKNOWN,UNKNOWN,UNBOUND_SOURCE_UNVERIFIED,SOURCE_UNVERIFIED,UNBOUND_CONNECTOR_PENDING,PENDING,UNKNOWN,CLEAR,BLOCKED,UNKNOWN_LEGAL_CREDENTIAL_SCOPE; PROFILE_INCOMPLETE; SOURCE_UNVERIFIED; CONNECTOR_PENDING; DRAFT_MACHINE; RELEASE_PENDING,60005,tr-gold-electrical-1-konut-ic-tesisat-priz-anahtar-ayd-nlatma-ar-za,Elektrik — Konut iç tesisat / priz / anahtar / aydınlatma / arıza,draft,30046,1,MAPPED_BLOCKED,UNVERIFIED,PENDING,PENDING,PENDING,DRAFT_MACHINE,NOT_READY,UNKNOWN
DE-BE-BERLIN-CAP-60006,DE,DE-BE-BERLIN,2,3,tr-gold-electrical-2-pano-yeni-esasl-tesisat-proje-yetki-s-n-r-doguran-is,UNKNOWN,PROFILE_INCOMPLETE; no Berlin requirement interpretation approved,UNKNOWN,UNKNOWN,UNKNOWN,UNKNOWN,UNKNOWN,UNKNOWN,UNKNOWN,UNKNOWN,UNBOUND_SOURCE_UNVERIFIED,SOURCE_UNVERIFIED,UNBOUND_CONNECTOR_PENDING,PENDING,UNKNOWN,CLEAR,BLOCKED,UNKNOWN_LEGAL_CREDENTIAL_SCOPE; PROFILE_INCOMPLETE; SOURCE_UNVERIFIED; CONNECTOR_PENDING; DRAFT_MACHINE; RELEASE_PENDING,60006,tr-gold-electrical-2-pano-yeni-esasl-tesisat-proje-yetki-s-n-r-doguran-is,Elektrik — Pano / yeni-esaslı tesisat / proje-yetki sınırı doğuran iş,draft,30047,1,MAPPED_BLOCKED,UNVERIFIED,PENDING,PENDING,PENDING,DRAFT_MACHINE,NOT_READY,UNKNOWN
DE-BE-BERLIN-CAP-60007,DE,DE-BE-BERLIN,UNKNOWN,UNKNOWN,tr-gold-electrical-3-elektrik-sayac-muhurlu-dag-t-m-ekipman,UNKNOWN,PROFILE_INCOMPLETE; no Berlin requirement interpretation approved,UNKNOWN,UNKNOWN,UNKNOWN,UNKNOWN,UNKNOWN,UNKNOWN,UNKNOWN,UNKNOWN,UNBOUND_SOURCE_UNVERIFIED,SOURCE_UNVERIFIED,UNBOUND_CONNECTOR_PENDING,PENDING,UNKNOWN,CLEAR,BLOCKED,UNKNOWN_LEGAL_CREDENTIAL_SCOPE; PROFILE_INCOMPLETE; SOURCE_UNVERIFIED; CONNECTOR_PENDING; DRAFT_MACHINE; RELEASE_PENDING,60007,tr-gold-electrical-3-elektrik-sayac-muhurlu-dag-t-m-ekipman,Elektrik — Elektrik sayacı / mühürlü dağıtım ekipmanı,draft,30048,1,MAPPED_BLOCKED,UNVERIFIED,PENDING,PENDING,PENDING,DRAFT_MACHINE,NOT_READY,UNKNOWN
DE-BE-BERLIN-CAP-60008,DE,DE-BE-BERLIN,6,31,tr-gold-painting-1-ic-d-s-cephe-insaat-boyac-l-g,UNKNOWN,PROFILE_INCOMPLETE; no Berlin requirement interpretation approved,UNKNOWN,UNKNOWN,UNKNOWN,UNKNOWN,UNKNOWN,UNKNOWN,UNKNOWN,UNKNOWN,UNBOUND_SOURCE_UNVERIFIED,SOURCE_UNVERIFIED,UNBOUND_CONNECTOR_PENDING,PENDING,UNKNOWN,CLEAR,BLOCKED,UNKNOWN_LEGAL_CREDENTIAL_SCOPE; PROFILE_INCOMPLETE; SOURCE_UNVERIFIED; CONNECTOR_PENDING; DRAFT_MACHINE; RELEASE_PENDING,60008,tr-gold-painting-1-ic-d-s-cephe-insaat-boyac-l-g,Boya & Badana — İç/dış cephe inşaat boyacılığı,draft,30049,1,MAPPED_BLOCKED,UNVERIFIED,PENDING,PENDING,PENDING,DRAFT_MACHINE,NOT_READY,UNKNOWN
DE-BE-BERLIN-CAP-60009,DE,DE-BE-BERLIN,4,53,tr-gold-air_conditioning-1-filtre-d-s-temizlik-sogutucu-devreye-mudahale-yok,UNKNOWN,PROFILE_INCOMPLETE; no Berlin requirement interpretation approved,UNKNOWN,UNKNOWN,UNKNOWN,UNKNOWN,UNKNOWN,UNKNOWN,UNKNOWN,UNKNOWN,UNBOUND_SOURCE_UNVERIFIED,SOURCE_UNVERIFIED,UNBOUND_CONNECTOR_PENDING,PENDING,UNKNOWN,CLEAR,BLOCKED,UNKNOWN_LEGAL_CREDENTIAL_SCOPE; PROFILE_INCOMPLETE; SOURCE_UNVERIFIED; CONNECTOR_PENDING; DRAFT_MACHINE; RELEASE_PENDING,60009,tr-gold-air_conditioning-1-filtre-d-s-temizlik-sogutucu-devreye-mudahale-yok,Klima — Filtre/dış temizlik – soğutucu devreye müdahale yok,draft,30050,1,MAPPED_BLOCKED,UNVERIFIED,PENDING,PENDING,PENDING,DRAFT_MACHINE,NOT_READY,UNKNOWN
DE-BE-BERLIN-CAP-60010,DE,DE-BE-BERLIN,4,5,tr-gold-air_conditioning-2-montaj-demontaj-servis,UNKNOWN,PROFILE_INCOMPLETE; no Berlin requirement interpretation approved,UNKNOWN,UNKNOWN,UNKNOWN,UNKNOWN,UNKNOWN,UNKNOWN,UNKNOWN,UNKNOWN,UNBOUND_SOURCE_UNVERIFIED,SOURCE_UNVERIFIED,UNBOUND_CONNECTOR_PENDING,PENDING,UNKNOWN,CLEAR,BLOCKED,UNKNOWN_LEGAL_CREDENTIAL_SCOPE; PROFILE_INCOMPLETE; SOURCE_UNVERIFIED; CONNECTOR_PENDING; DRAFT_MACHINE; RELEASE_PENDING,60010,tr-gold-air_conditioning-2-montaj-demontaj-servis,Klima — Montaj / demontaj / servis,draft,30051,1,MAPPED_BLOCKED,UNVERIFIED,PENDING,PENDING,PENDING,DRAFT_MACHINE,NOT_READY,UNKNOWN
DE-BE-BERLIN-CAP-60011,DE,DE-BE-BERLIN,UNKNOWN,UNKNOWN,tr-gold-air_conditioning-3-sogutucu-gaz-devresi-vakum-sarj-geri-kazan-m-kacak,UNKNOWN,PROFILE_INCOMPLETE; no Berlin requirement interpretation approved,UNKNOWN,UNKNOWN,UNKNOWN,UNKNOWN,UNKNOWN,UNKNOWN,UNKNOWN,UNKNOWN,UNBOUND_SOURCE_UNVERIFIED,SOURCE_UNVERIFIED,UNBOUND_CONNECTOR_PENDING,PENDING,UNKNOWN,CLEAR,BLOCKED,UNKNOWN_LEGAL_CREDENTIAL_SCOPE; PROFILE_INCOMPLETE; SOURCE_UNVERIFIED; CONNECTOR_PENDING; DRAFT_MACHINE; RELEASE_PENDING,60011,tr-gold-air_conditioning-3-sogutucu-gaz-devresi-vakum-sarj-geri-kazan-m-kacak,Klima — Soğutucu gaz devresi / vakum / şarj / geri kazanım / kaçak,draft,30052,1,MAPPED_BLOCKED,UNVERIFIED,PENDING,PENDING,PENDING,DRAFT_MACHINE,NOT_READY,UNKNOWN
DE-BE-BERLIN-CAP-60012,DE,DE-BE-BERLIN,4,18,tr-gold-heating-1-s-tma-tesisat-bak-m-onar-m-servis,UNKNOWN,PROFILE_INCOMPLETE; no Berlin requirement interpretation approved,UNKNOWN,UNKNOWN,UNKNOWN,UNKNOWN,UNKNOWN,UNKNOWN,UNKNOWN,UNKNOWN,UNBOUND_SOURCE_UNVERIFIED,SOURCE_UNVERIFIED,UNBOUND_CONNECTOR_PENDING,PENDING,UNKNOWN,CLEAR,BLOCKED,UNKNOWN_LEGAL_CREDENTIAL_SCOPE; PROFILE_INCOMPLETE; SOURCE_UNVERIFIED; CONNECTOR_PENDING; DRAFT_MACHINE; RELEASE_PENDING,60012,tr-gold-heating-1-s-tma-tesisat-bak-m-onar-m-servis,Kombi & Isıtma — Isıtma tesisatı bakım-onarım/servis,draft,30053,1,MAPPED_BLOCKED,UNVERIFIED,PENDING,PENDING,PENDING,DRAFT_MACHINE,NOT_READY,UNKNOWN
DE-BE-BERLIN-CAP-60013,DE,DE-BE-BERLIN,4,30,tr-gold-heating-2-gaz-yak-c-cihaz-kombi-servis,UNKNOWN,PROFILE_INCOMPLETE; no Berlin requirement interpretation approved,UNKNOWN,UNKNOWN,UNKNOWN,UNKNOWN,UNKNOWN,UNKNOWN,UNKNOWN,UNKNOWN,UNBOUND_SOURCE_UNVERIFIED,SOURCE_UNVERIFIED,UNBOUND_CONNECTOR_PENDING,PENDING,UNKNOWN,CLEAR,BLOCKED,UNKNOWN_LEGAL_CREDENTIAL_SCOPE; PROFILE_INCOMPLETE; SOURCE_UNVERIFIED; CONNECTOR_PENDING; DRAFT_MACHINE; RELEASE_PENDING,60013,tr-gold-heating-2-gaz-yak-c-cihaz-kombi-servis,Kombi & Isıtma — Gaz yakıcı cihaz/kombi servis,draft,30054,1,MAPPED_BLOCKED,UNVERIFIED,PENDING,PENDING,PENDING,DRAFT_MACHINE,NOT_READY,UNKNOWN
DE-BE-BERLIN-CAP-60014,DE,DE-BE-BERLIN,1,40,tr-gold-heating-3-dogal-gaz-ic-tesisat-borulama-baglant-test-bak-m,UNKNOWN,PROFILE_INCOMPLETE; no Berlin requirement interpretation approved,UNKNOWN,UNKNOWN,UNKNOWN,UNKNOWN,UNKNOWN,UNKNOWN,UNKNOWN,UNKNOWN,UNBOUND_SOURCE_UNVERIFIED,SOURCE_UNVERIFIED,UNBOUND_CONNECTOR_PENDING,PENDING,UNKNOWN,CLEAR,BLOCKED,UNKNOWN_LEGAL_CREDENTIAL_SCOPE; PROFILE_INCOMPLETE; SOURCE_UNVERIFIED; CONNECTOR_PENDING; DRAFT_MACHINE; RELEASE_PENDING,60014,tr-gold-heating-3-dogal-gaz-ic-tesisat-borulama-baglant-test-bak-m,Kombi & Isıtma — Doğal gaz iç tesisat borulama/bağlantı/test/bakım,draft,30055,1,MAPPED_BLOCKED,UNVERIFIED,PENDING,PENDING,PENDING,DRAFT_MACHINE,NOT_READY,UNKNOWN
DE-BE-BERLIN-CAP-60015,DE,DE-BE-BERLIN,8,8,tr-gold-moving-1-yurtici-ticari-ev-ve-buro-esyas-tas-ma,UNKNOWN,PROFILE_INCOMPLETE; no Berlin requirement interpretation approved,UNKNOWN,UNKNOWN,UNKNOWN,UNKNOWN,UNKNOWN,UNKNOWN,UNKNOWN,UNKNOWN,UNBOUND_SOURCE_UNVERIFIED,SOURCE_UNVERIFIED,UNBOUND_CONNECTOR_PENDING,PENDING,UNKNOWN,CLEAR,BLOCKED,UNKNOWN_LEGAL_CREDENTIAL_SCOPE; PROFILE_INCOMPLETE; SOURCE_UNVERIFIED; CONNECTOR_PENDING; DRAFT_MACHINE; RELEASE_PENDING,60015,tr-gold-moving-1-yurtici-ticari-ev-ve-buro-esyas-tas-ma,Nakliyat — Yurtiçi ticari ev ve büro eşyası taşıma,draft,30056,1,MAPPED_BLOCKED,UNVERIFIED,PENDING,PENDING,PENDING,DRAFT_MACHINE,NOT_READY,UNKNOWN
DE-BE-BERLIN-CAP-60016,DE,DE-BE-BERLIN,8,21,tr-gold-moving-2-uluslararas-yurtici-ticari-ev-buro-esyas,UNKNOWN,PROFILE_INCOMPLETE; no Berlin requirement interpretation approved,UNKNOWN,UNKNOWN,UNKNOWN,UNKNOWN,UNKNOWN,UNKNOWN,UNKNOWN,UNKNOWN,UNBOUND_SOURCE_UNVERIFIED,SOURCE_UNVERIFIED,UNBOUND_CONNECTOR_PENDING,PENDING,UNKNOWN,CLEAR,BLOCKED,UNKNOWN_LEGAL_CREDENTIAL_SCOPE; PROFILE_INCOMPLETE; SOURCE_UNVERIFIED; CONNECTOR_PENDING; DRAFT_MACHINE; RELEASE_PENDING,60016,tr-gold-moving-2-uluslararas-yurtici-ticari-ev-buro-esyas,Nakliyat — Uluslararası + yurtiçi ticari ev/büro eşyası,draft,30057,1,MAPPED_BLOCKED,UNVERIFIED,PENDING,PENDING,PENDING,DRAFT_MACHINE,NOT_READY,UNKNOWN
DE-BE-BERLIN-CAP-60017,DE,DE-BE-BERLIN,8,33,tr-gold-moving-3-yurtici-genel-ticari-esya-ev-buro-d-s,UNKNOWN,PROFILE_INCOMPLETE; no Berlin requirement interpretation approved,UNKNOWN,UNKNOWN,UNKNOWN,UNKNOWN,UNKNOWN,UNKNOWN,UNKNOWN,UNKNOWN,UNBOUND_SOURCE_UNVERIFIED,SOURCE_UNVERIFIED,UNBOUND_CONNECTOR_PENDING,PENDING,UNKNOWN,CLEAR,BLOCKED,UNKNOWN_LEGAL_CREDENTIAL_SCOPE; PROFILE_INCOMPLETE; SOURCE_UNVERIFIED; CONNECTOR_PENDING; DRAFT_MACHINE; RELEASE_PENDING,60017,tr-gold-moving-3-yurtici-genel-ticari-esya-ev-buro-d-s,Nakliyat — Yurtiçi genel ticari eşya (ev/büro dışı),draft,30058,1,MAPPED_BLOCKED,UNVERIFIED,PENDING,PENDING,PENDING,DRAFT_MACHINE,NOT_READY,UNKNOWN
DE-BE-BERLIN-CAP-60018,DE,DE-BE-BERLIN,UNKNOWN,UNKNOWN,tr-gold-moving-4-asansorlu-nakliye-mobil-vinc-kald-rma-ekipman,UNKNOWN,PROFILE_INCOMPLETE; no Berlin requirement interpretation approved,UNKNOWN,UNKNOWN,UNKNOWN,UNKNOWN,UNKNOWN,UNKNOWN,UNKNOWN,UNKNOWN,UNBOUND_SOURCE_UNVERIFIED,SOURCE_UNVERIFIED,UNBOUND_CONNECTOR_PENDING,PENDING,UNKNOWN,CLEAR,BLOCKED,UNKNOWN_LEGAL_CREDENTIAL_SCOPE; PROFILE_INCOMPLETE; SOURCE_UNVERIFIED; CONNECTOR_PENDING; DRAFT_MACHINE; RELEASE_PENDING,60018,tr-gold-moving-4-asansorlu-nakliye-mobil-vinc-kald-rma-ekipman,Nakliyat — Asansörlü nakliye / mobil vinç-kaldırma ekipmanı,draft,30059,1,MAPPED_BLOCKED,UNVERIFIED,PENDING,PENDING,PENDING,DRAFT_MACHINE,NOT_READY,UNKNOWN
DE-BE-BERLIN-CAP-60019,DE,DE-BE-BERLIN,5,6,tr-gold-locksmith-1-anahtar-cogaltma-kilit-montaj-onar-m,UNKNOWN,PROFILE_INCOMPLETE; no Berlin requirement interpretation approved,UNKNOWN,UNKNOWN,UNKNOWN,UNKNOWN,UNKNOWN,UNKNOWN,UNKNOWN,UNKNOWN,UNBOUND_SOURCE_UNVERIFIED,SOURCE_UNVERIFIED,UNBOUND_CONNECTOR_PENDING,PENDING,UNKNOWN,CLEAR,BLOCKED,UNKNOWN_LEGAL_CREDENTIAL_SCOPE; PROFILE_INCOMPLETE; SOURCE_UNVERIFIED; CONNECTOR_PENDING; DRAFT_MACHINE; RELEASE_PENDING,60019,tr-gold-locksmith-1-anahtar-cogaltma-kilit-montaj-onar-m,Çilingir — Anahtar çoğaltma / kilit montaj-onarım,draft,30060,1,MAPPED_BLOCKED,UNVERIFIED,PENDING,PENDING,PENDING,DRAFT_MACHINE,NOT_READY,UNKNOWN
DE-BE-BERLIN-CAP-60020,DE,DE-BE-BERLIN,5,42,tr-gold-locksmith-2-konut-isyeri-acil-kap-acma,UNKNOWN,PROFILE_INCOMPLETE; no Berlin requirement interpretation approved,UNKNOWN,UNKNOWN,UNKNOWN,UNKNOWN,UNKNOWN,UNKNOWN,UNKNOWN,UNKNOWN,UNBOUND_SOURCE_UNVERIFIED,SOURCE_UNVERIFIED,UNBOUND_CONNECTOR_PENDING,PENDING,UNKNOWN,CLEAR,BLOCKED,UNKNOWN_LEGAL_CREDENTIAL_SCOPE; PROFILE_INCOMPLETE; SOURCE_UNVERIFIED; CONNECTOR_PENDING; DRAFT_MACHINE; RELEASE_PENDING,60020,tr-gold-locksmith-2-konut-isyeri-acil-kap-acma,Çilingir — Konut/işyeri acil kapı açma,draft,30061,1,MAPPED_BLOCKED,UNVERIFIED,PENDING,PENDING,PENDING,DRAFT_MACHINE,NOT_READY,UNKNOWN
DE-BE-BERLIN-CAP-60021,DE,DE-BE-BERLIN,5,54,tr-gold-locksmith-3-arac-kilidi-acma,UNKNOWN,PROFILE_INCOMPLETE; no Berlin requirement interpretation approved,UNKNOWN,UNKNOWN,UNKNOWN,UNKNOWN,UNKNOWN,UNKNOWN,UNKNOWN,UNKNOWN,UNBOUND_SOURCE_UNVERIFIED,SOURCE_UNVERIFIED,UNBOUND_CONNECTOR_PENDING,PENDING,UNKNOWN,CLEAR,BLOCKED,UNKNOWN_LEGAL_CREDENTIAL_SCOPE; PROFILE_INCOMPLETE; SOURCE_UNVERIFIED; CONNECTOR_PENDING; DRAFT_MACHINE; RELEASE_PENDING,60021,tr-gold-locksmith-3-arac-kilidi-acma,Çilingir — Araç kilidi açma,draft,30062,1,MAPPED_BLOCKED,UNVERIFIED,PENDING,PENDING,PENDING,DRAFT_MACHINE,NOT_READY,UNKNOWN
DE-BE-BERLIN-CAP-60022,DE,DE-BE-BERLIN,13,10,tr-gold-towing-1-ticari-arac-kurtarma-cekme-tas-ma,UNKNOWN,PROFILE_INCOMPLETE; no Berlin requirement interpretation approved,UNKNOWN,UNKNOWN,UNKNOWN,UNKNOWN,UNKNOWN,UNKNOWN,UNKNOWN,UNKNOWN,UNBOUND_SOURCE_UNVERIFIED,SOURCE_UNVERIFIED,UNBOUND_CONNECTOR_PENDING,PENDING,UNKNOWN,CLEAR,BLOCKED,UNKNOWN_LEGAL_CREDENTIAL_SCOPE; PROFILE_INCOMPLETE; SOURCE_UNVERIFIED; CONNECTOR_PENDING; DRAFT_MACHINE; RELEASE_PENDING,60022,tr-gold-towing-1-ticari-arac-kurtarma-cekme-tas-ma,Çekici — Ticari araç kurtarma / çekme / taşıma,draft,30063,1,MAPPED_BLOCKED,UNVERIFIED,PENDING,PENDING,PENDING,DRAFT_MACHINE,NOT_READY,UNKNOWN
DE-BE-BERLIN-CAP-60023,DE,DE-BE-BERLIN,15,11,tr-gold-roadside_assistance-1-aku-takviyesi-basit-destek,UNKNOWN,PROFILE_INCOMPLETE; no Berlin requirement interpretation approved,UNKNOWN,UNKNOWN,UNKNOWN,UNKNOWN,UNKNOWN,UNKNOWN,UNKNOWN,UNKNOWN,UNBOUND_SOURCE_UNVERIFIED,SOURCE_UNVERIFIED,UNBOUND_CONNECTOR_PENDING,PENDING,UNKNOWN,CLEAR,BLOCKED,UNKNOWN_LEGAL_CREDENTIAL_SCOPE; PROFILE_INCOMPLETE; SOURCE_UNVERIFIED; CONNECTOR_PENDING; DRAFT_MACHINE; RELEASE_PENDING,60023,tr-gold-roadside_assistance-1-aku-takviyesi-basit-destek,Yol Yardım — Akü takviyesi / basit destek,draft,30064,1,MAPPED_BLOCKED,UNVERIFIED,PENDING,PENDING,PENDING,DRAFT_MACHINE,NOT_READY,UNKNOWN
DE-BE-BERLIN-CAP-60024,DE,DE-BE-BERLIN,15,59,tr-gold-roadside_assistance-2-lastik-jant-bak-m-onar-m,UNKNOWN,PROFILE_INCOMPLETE; no Berlin requirement interpretation approved,UNKNOWN,UNKNOWN,UNKNOWN,UNKNOWN,UNKNOWN,UNKNOWN,UNKNOWN,UNKNOWN,UNBOUND_SOURCE_UNVERIFIED,SOURCE_UNVERIFIED,UNBOUND_CONNECTOR_PENDING,PENDING,UNKNOWN,CLEAR,BLOCKED,UNKNOWN_LEGAL_CREDENTIAL_SCOPE; PROFILE_INCOMPLETE; SOURCE_UNVERIFIED; CONNECTOR_PENDING; DRAFT_MACHINE; RELEASE_PENDING,60024,tr-gold-roadside_assistance-2-lastik-jant-bak-m-onar-m,Yol Yardım — Lastik/jant bakım-onarım,draft,30065,1,MAPPED_BLOCKED,UNVERIFIED,PENDING,PENDING,PENDING,DRAFT_MACHINE,NOT_READY,UNKNOWN
DE-BE-BERLIN-CAP-60025,DE,DE-BE-BERLIN,15,24,tr-gold-roadside_assistance-3-yol-ustu-mekanik-ar-za-tespit-onar-m,UNKNOWN,PROFILE_INCOMPLETE; no Berlin requirement interpretation approved,UNKNOWN,UNKNOWN,UNKNOWN,UNKNOWN,UNKNOWN,UNKNOWN,UNKNOWN,UNKNOWN,UNBOUND_SOURCE_UNVERIFIED,SOURCE_UNVERIFIED,UNBOUND_CONNECTOR_PENDING,PENDING,UNKNOWN,CLEAR,BLOCKED,UNKNOWN_LEGAL_CREDENTIAL_SCOPE; PROFILE_INCOMPLETE; SOURCE_UNVERIFIED; CONNECTOR_PENDING; DRAFT_MACHINE; RELEASE_PENDING,60025,tr-gold-roadside_assistance-3-yol-ustu-mekanik-ar-za-tespit-onar-m,Yol Yardım — Yol üstü mekanik arıza tespit/onarım,draft,30066,1,MAPPED_BLOCKED,UNVERIFIED,PENDING,PENDING,PENDING,DRAFT_MACHINE,NOT_READY,UNKNOWN
DE-BE-BERLIN-CAP-60026,DE,DE-BE-BERLIN,13,22,tr-gold-roadside_assistance-4-arac-cekme-kurtarma,UNKNOWN,PROFILE_INCOMPLETE; no Berlin requirement interpretation approved,UNKNOWN,UNKNOWN,UNKNOWN,UNKNOWN,UNKNOWN,UNKNOWN,UNKNOWN,UNKNOWN,UNBOUND_SOURCE_UNVERIFIED,SOURCE_UNVERIFIED,UNBOUND_CONNECTOR_PENDING,PENDING,UNKNOWN,CLEAR,BLOCKED,UNKNOWN_LEGAL_CREDENTIAL_SCOPE; PROFILE_INCOMPLETE; SOURCE_UNVERIFIED; CONNECTOR_PENDING; DRAFT_MACHINE; RELEASE_PENDING,60026,tr-gold-roadside_assistance-4-arac-cekme-kurtarma,Yol Yardım — Araç çekme/kurtarma,draft,30067,1,MAPPED_BLOCKED,UNVERIFIED,PENDING,PENDING,PENDING,DRAFT_MACHINE,NOT_READY,UNKNOWN
DE-BE-BERLIN-CAP-60027,DE,DE-BE-BERLIN,5,54,tr-gold-roadside_assistance-5-arac-kilidi-acma,UNKNOWN,PROFILE_INCOMPLETE; no Berlin requirement interpretation approved,UNKNOWN,UNKNOWN,UNKNOWN,UNKNOWN,UNKNOWN,UNKNOWN,UNKNOWN,UNKNOWN,UNBOUND_SOURCE_UNVERIFIED,SOURCE_UNVERIFIED,UNBOUND_CONNECTOR_PENDING,PENDING,UNKNOWN,CLEAR,BLOCKED,UNKNOWN_LEGAL_CREDENTIAL_SCOPE; PROFILE_INCOMPLETE; SOURCE_UNVERIFIED; CONNECTOR_PENDING; DRAFT_MACHINE; RELEASE_PENDING,60027,tr-gold-roadside_assistance-5-arac-kilidi-acma,Yol Yardım — Araç kilidi açma,draft,30068,1,MAPPED_BLOCKED,UNVERIFIED,PENDING,PENDING,PENDING,DRAFT_MACHINE,NOT_READY,UNKNOWN
DE-BE-BERLIN-CAP-60028,DE,DE-BE-BERLIN,15,36,tr-gold-roadside_assistance-6-yolda-yak-t-ulast-rma,UNKNOWN,PROFILE_INCOMPLETE; no Berlin requirement interpretation approved,UNKNOWN,UNKNOWN,UNKNOWN,UNKNOWN,UNKNOWN,UNKNOWN,UNKNOWN,UNKNOWN,UNBOUND_SOURCE_UNVERIFIED,SOURCE_UNVERIFIED,UNBOUND_CONNECTOR_PENDING,PENDING,UNKNOWN,CLEAR,BLOCKED,UNKNOWN_LEGAL_CREDENTIAL_SCOPE; PROFILE_INCOMPLETE; SOURCE_UNVERIFIED; CONNECTOR_PENDING; DRAFT_MACHINE; RELEASE_PENDING,60028,tr-gold-roadside_assistance-6-yolda-yak-t-ulast-rma,Yol Yardım — Yolda yakıt ulaştırma,draft,30069,1,MAPPED_BLOCKED,UNVERIFIED,PENDING,PENDING,PENDING,DRAFT_MACHINE,NOT_READY,UNKNOWN
DE-BE-BERLIN-CAP-60029,DE,DE-BE-BERLIN,14,23,tr-gold-courier-1-ilici-motorlu-kurye,UNKNOWN,PROFILE_INCOMPLETE; no Berlin requirement interpretation approved,UNKNOWN,UNKNOWN,UNKNOWN,UNKNOWN,UNKNOWN,UNKNOWN,UNKNOWN,UNKNOWN,UNBOUND_SOURCE_UNVERIFIED,SOURCE_UNVERIFIED,UNBOUND_CONNECTOR_PENDING,PENDING,UNKNOWN,CLEAR,BLOCKED,UNKNOWN_LEGAL_CREDENTIAL_SCOPE; PROFILE_INCOMPLETE; SOURCE_UNVERIFIED; CONNECTOR_PENDING; DRAFT_MACHINE; RELEASE_PENDING,60029,tr-gold-courier-1-ilici-motorlu-kurye,Kurye & Evrak — İliçi motorlu kurye,draft,30070,1,MAPPED_BLOCKED,UNVERIFIED,PENDING,PENDING,PENDING,DRAFT_MACHINE,NOT_READY,UNKNOWN
DE-BE-BERLIN-CAP-60030,DE,DE-BE-BERLIN,14,35,tr-gold-courier-2-yurtici-genis-kapsam-dag-t-m-kurye,UNKNOWN,PROFILE_INCOMPLETE; no Berlin requirement interpretation approved,UNKNOWN,UNKNOWN,UNKNOWN,UNKNOWN,UNKNOWN,UNKNOWN,UNKNOWN,UNKNOWN,UNBOUND_SOURCE_UNVERIFIED,SOURCE_UNVERIFIED,UNBOUND_CONNECTOR_PENDING,PENDING,UNKNOWN,CLEAR,BLOCKED,UNKNOWN_LEGAL_CREDENTIAL_SCOPE; PROFILE_INCOMPLETE; SOURCE_UNVERIFIED; CONNECTOR_PENDING; DRAFT_MACHINE; RELEASE_PENDING,60030,tr-gold-courier-2-yurtici-genis-kapsam-dag-t-m-kurye,Kurye & Evrak — Yurtiçi geniş kapsam dağıtım/kurye,draft,30071,1,MAPPED_BLOCKED,UNVERIFIED,PENDING,PENDING,PENDING,DRAFT_MACHINE,NOT_READY,UNKNOWN
DE-BE-BERLIN-CAP-60031,DE,DE-BE-BERLIN,UNKNOWN,UNKNOWN,tr-gold-courier-3-yaya-bisikletli-kurye,UNKNOWN,PROFILE_INCOMPLETE; no Berlin requirement interpretation approved,UNKNOWN,UNKNOWN,UNKNOWN,UNKNOWN,UNKNOWN,UNKNOWN,UNKNOWN,UNKNOWN,UNBOUND_SOURCE_UNVERIFIED,SOURCE_UNVERIFIED,UNBOUND_CONNECTOR_PENDING,PENDING,UNKNOWN,CLEAR,BLOCKED,UNKNOWN_LEGAL_CREDENTIAL_SCOPE; PROFILE_INCOMPLETE; SOURCE_UNVERIFIED; CONNECTOR_PENDING; DRAFT_MACHINE; RELEASE_PENDING,60031,tr-gold-courier-3-yaya-bisikletli-kurye,Kurye & Evrak — Yaya/bisikletli kurye,draft,30072,1,MAPPED_BLOCKED,UNVERIFIED,PENDING,PENDING,PENDING,DRAFT_MACHINE,NOT_READY,UNKNOWN
DE-BE-BERLIN-CAP-60032,DE,DE-BE-BERLIN,60002,48,tr-gold-furniture-1-haz-r-mobilya-dekorasyon-montaj,UNKNOWN,PROFILE_INCOMPLETE; no Berlin requirement interpretation approved,UNKNOWN,UNKNOWN,UNKNOWN,UNKNOWN,UNKNOWN,UNKNOWN,UNKNOWN,UNKNOWN,UNBOUND_SOURCE_UNVERIFIED,SOURCE_UNVERIFIED,UNBOUND_CONNECTOR_PENDING,PENDING,UNKNOWN,CLEAR,BLOCKED,UNKNOWN_LEGAL_CREDENTIAL_SCOPE; PROFILE_INCOMPLETE; SOURCE_UNVERIFIED; CONNECTOR_PENDING; DRAFT_MACHINE; RELEASE_PENDING,60032,tr-gold-furniture-1-haz-r-mobilya-dekorasyon-montaj,Mobilya & Montaj — Hazır mobilya/dekorasyon montajı,draft,30073,1,MAPPED_BLOCKED,UNVERIFIED,PENDING,PENDING,PENDING,DRAFT_MACHINE,NOT_READY,UNKNOWN
DE-BE-BERLIN-CAP-60033,DE,DE-BE-BERLIN,UNKNOWN,UNKNOWN,tr-gold-furniture-2-ahsap-mobilya-imalat-imalat-kapsaml-onar-m,UNKNOWN,PROFILE_INCOMPLETE; no Berlin requirement interpretation approved,UNKNOWN,UNKNOWN,UNKNOWN,UNKNOWN,UNKNOWN,UNKNOWN,UNKNOWN,UNKNOWN,UNBOUND_SOURCE_UNVERIFIED,SOURCE_UNVERIFIED,UNBOUND_CONNECTOR_PENDING,PENDING,UNKNOWN,CLEAR,BLOCKED,UNKNOWN_LEGAL_CREDENTIAL_SCOPE; PROFILE_INCOMPLETE; SOURCE_UNVERIFIED; CONNECTOR_PENDING; DRAFT_MACHINE; RELEASE_PENDING,60033,tr-gold-furniture-2-ahsap-mobilya-imalat-imalat-kapsaml-onar-m,Mobilya & Montaj — Ahşap mobilya imalatı / imalat kapsamlı onarım,draft,30074,1,MAPPED_BLOCKED,UNVERIFIED,PENDING,PENDING,PENDING,DRAFT_MACHINE,NOT_READY,UNKNOWN
DE-BE-BERLIN-CAP-60034,DE,DE-BE-BERLIN,60003,25,tr-gold-automotive-1-motor-mekanik-bak-m-ar-za-tespit-ve-onar-m,UNKNOWN,PROFILE_INCOMPLETE; no Berlin requirement interpretation approved,UNKNOWN,UNKNOWN,UNKNOWN,UNKNOWN,UNKNOWN,UNKNOWN,UNKNOWN,UNKNOWN,UNBOUND_SOURCE_UNVERIFIED,SOURCE_UNVERIFIED,UNBOUND_CONNECTOR_PENDING,PENDING,UNKNOWN,CLEAR,BLOCKED,UNKNOWN_LEGAL_CREDENTIAL_SCOPE; PROFILE_INCOMPLETE; SOURCE_UNVERIFIED; CONNECTOR_PENDING; DRAFT_MACHINE; RELEASE_PENDING,60034,tr-gold-automotive-1-motor-mekanik-bak-m-ar-za-tespit-ve-onar-m,"Otomotiv / Motor Ustası — Motor/mekanik bakım, arıza tespit ve onarım",draft,30075,1,MAPPED_BLOCKED,UNVERIFIED,PENDING,PENDING,PENDING,DRAFT_MACHINE,NOT_READY,UNKNOWN
DE-BE-BERLIN-CAP-60035,DE,DE-BE-BERLIN,UNKNOWN,UNKNOWN,tr-gold-automotive-2-otomotiv-elektrik-elektronik-elektromekanik,UNKNOWN,PROFILE_INCOMPLETE; no Berlin requirement interpretation approved,UNKNOWN,UNKNOWN,UNKNOWN,UNKNOWN,UNKNOWN,UNKNOWN,UNKNOWN,UNKNOWN,UNBOUND_SOURCE_UNVERIFIED,SOURCE_UNVERIFIED,UNBOUND_CONNECTOR_PENDING,PENDING,UNKNOWN,CLEAR,BLOCKED,UNKNOWN_LEGAL_CREDENTIAL_SCOPE; PROFILE_INCOMPLETE; SOURCE_UNVERIFIED; CONNECTOR_PENDING; DRAFT_MACHINE; RELEASE_PENDING,60035,tr-gold-automotive-2-otomotiv-elektrik-elektronik-elektromekanik,Otomotiv / Motor Ustası — Otomotiv elektrik/elektronik/elektromekanik,draft,30076,1,MAPPED_BLOCKED,UNVERIFIED,PENDING,PENDING,PENDING,DRAFT_MACHINE,NOT_READY,UNKNOWN
DE-BE-BERLIN-CAP-60036,DE,DE-BE-BERLIN,60003,13,tr-gold-automotive-3-lastik-jant,UNKNOWN,PROFILE_INCOMPLETE; no Berlin requirement interpretation approved,UNKNOWN,UNKNOWN,UNKNOWN,UNKNOWN,UNKNOWN,UNKNOWN,UNKNOWN,UNKNOWN,UNBOUND_SOURCE_UNVERIFIED,SOURCE_UNVERIFIED,UNBOUND_CONNECTOR_PENDING,PENDING,UNKNOWN,CLEAR,BLOCKED,UNKNOWN_LEGAL_CREDENTIAL_SCOPE; PROFILE_INCOMPLETE; SOURCE_UNVERIFIED; CONNECTOR_PENDING; DRAFT_MACHINE; RELEASE_PENDING,60036,tr-gold-automotive-3-lastik-jant,Otomotiv / Motor Ustası — Lastik/jant,draft,30077,1,MAPPED_BLOCKED,UNVERIFIED,PENDING,PENDING,PENDING,DRAFT_MACHINE,NOT_READY,UNKNOWN
DE-BE-BERLIN-CAP-60037,DE,DE-BE-BERLIN,UNKNOWN,UNKNOWN,tr-gold-automotive-4-govde-kaporta-boya-onar-m,UNKNOWN,PROFILE_INCOMPLETE; no Berlin requirement interpretation approved,UNKNOWN,UNKNOWN,UNKNOWN,UNKNOWN,UNKNOWN,UNKNOWN,UNKNOWN,UNKNOWN,UNBOUND_SOURCE_UNVERIFIED,SOURCE_UNVERIFIED,UNBOUND_CONNECTOR_PENDING,PENDING,UNKNOWN,CLEAR,BLOCKED,UNKNOWN_LEGAL_CREDENTIAL_SCOPE; PROFILE_INCOMPLETE; SOURCE_UNVERIFIED; CONNECTOR_PENDING; DRAFT_MACHINE; RELEASE_PENDING,60037,tr-gold-automotive-4-govde-kaporta-boya-onar-m,Otomotiv / Motor Ustası — Gövde/kaporta/boya onarım,draft,30078,1,MAPPED_BLOCKED,UNVERIFIED,PENDING,PENDING,PENDING,DRAFT_MACHINE,NOT_READY,UNKNOWN
DE-BE-BERLIN-CAP-60038,DE,DE-BE-BERLIN,UNKNOWN,UNKNOWN,tr-gold-automotive-5-marka-yetkili-servis-iddias,UNKNOWN,PROFILE_INCOMPLETE; no Berlin requirement interpretation approved,UNKNOWN,UNKNOWN,UNKNOWN,UNKNOWN,UNKNOWN,UNKNOWN,UNKNOWN,UNKNOWN,UNBOUND_SOURCE_UNVERIFIED,SOURCE_UNVERIFIED,UNBOUND_CONNECTOR_PENDING,PENDING,UNKNOWN,CLEAR,BLOCKED,UNKNOWN_LEGAL_CREDENTIAL_SCOPE; PROFILE_INCOMPLETE; SOURCE_UNVERIFIED; CONNECTOR_PENDING; DRAFT_MACHINE; RELEASE_PENDING,60038,tr-gold-automotive-5-marka-yetkili-servis-iddias,Otomotiv / Motor Ustası — Marka yetkili servis iddiası,draft,30079,1,MAPPED_BLOCKED,UNVERIFIED,PENDING,PENDING,PENDING,DRAFT_MACHINE,NOT_READY,UNKNOWN
