requirement_id,country,exact_jurisdiction,canonical_capability_id,canonical_capability_key,source_text_matches_yes_no,requirement_interpretation_approved_yes_no,exemption_transition_approved_yes_no,jurisdiction_scope_approved_yes_no,required_correction,verifier_full_name,professional_role_bar_or_qualification,verifier_jurisdiction,signed_approval_reference,verification_date,expiry_review_date,decision_after_review
DE-BE-BERLIN-CAP-1,DE,DE-BE-BERLIN,1,tr.cleaning.standard_home_cleaning,,,,,,,,,,,,BLOCKED_UNTIL_EXTERNAL_REVIEW
DE-BE-BERLIN-CAP-2,DE,DE-BE-BERLIN,2,tr.plumbing.installation,,,,,,,,,,,,BLOCKED_UNTIL_EXTERNAL_REVIEW
DE-BE-BERLIN-CAP-3,DE,DE-BE-BERLIN,3,tr.plumbing.maintenance_repair,,,,,,,,,,,,BLOCKED_UNTIL_EXTERNAL_REVIEW
DE-BE-BERLIN-CAP-4,DE,DE-BE-BERLIN,4,tr.plumbing.utility_meter,,,,,,,,,,,,BLOCKED_UNTIL_EXTERNAL_REVIEW
DE-BE-BERLIN-CAP-5,DE,DE-BE-BERLIN,5,tr.electrical.residential_installation,,,,,,,,,,,,BLOCKED_UNTIL_EXTERNAL_REVIEW
DE-BE-BERLIN-CAP-6,DE,DE-BE-BERLIN,6,tr.electrical.panel_or_project,,,,,,,,,,,,BLOCKED_UNTIL_EXTERNAL_REVIEW
DE-BE-BERLIN-CAP-7,DE,DE-BE-BERLIN,7,tr.electrical.meter_or_sealed_grid,,,,,,,,,,,,BLOCKED_UNTIL_EXTERNAL_REVIEW
DE-BE-BERLIN-CAP-8,DE,DE-BE-BERLIN,8,tr.painting.construction_painting,,,,,,,,,,,,BLOCKED_UNTIL_EXTERNAL_REVIEW
DE-BE-BERLIN-CAP-9,DE,DE-BE-BERLIN,9,tr.air_conditioning.cleaning_no_refrigerant,,,,,,,,,,,,BLOCKED_UNTIL_EXTERNAL_REVIEW
DE-BE-BERLIN-CAP-10,DE,DE-BE-BERLIN,10,tr.air_conditioning.installation_service,,,,,,,,,,,,BLOCKED_UNTIL_EXTERNAL_REVIEW
DE-BE-BERLIN-CAP-11,DE,DE-BE-BERLIN,11,tr.air_conditioning.refrigerant_circuit,,,,,,,,,,,,BLOCKED_UNTIL_EXTERNAL_REVIEW
DE-BE-BERLIN-CAP-12,DE,DE-BE-BERLIN,12,tr.heating.heating_service,,,,,,,,,,,,BLOCKED_UNTIL_EXTERNAL_REVIEW
DE-BE-BERLIN-CAP-13,DE,DE-BE-BERLIN,13,tr.heating.gas_appliance_service,,,,,,,,,,,,BLOCKED_UNTIL_EXTERNAL_REVIEW
DE-BE-BERLIN-CAP-14,DE,DE-BE-BERLIN,14,tr.heating.natural_gas_installation,,,,,,,,,,,,BLOCKED_UNTIL_EXTERNAL_REVIEW
DE-BE-BERLIN-CAP-15,DE,DE-BE-BERLIN,15,tr.moving.domestic_household,,,,,,,,,,,,BLOCKED_UNTIL_EXTERNAL_REVIEW
DE-BE-BERLIN-CAP-16,DE,DE-BE-BERLIN,16,tr.moving.international_household,,,,,,,,,,,,BLOCKED_UNTIL_EXTERNAL_REVIEW
DE-BE-BERLIN-CAP-17,DE,DE-BE-BERLIN,17,tr.moving.domestic_general_cargo,,,,,,,,,,,,BLOCKED_UNTIL_EXTERNAL_REVIEW
DE-BE-BERLIN-CAP-18,DE,DE-BE-BERLIN,18,tr.moving.lift_or_crane,,,,,,,,,,,,BLOCKED_UNTIL_EXTERNAL_REVIEW
DE-BE-BERLIN-CAP-19,DE,DE-BE-BERLIN,19,tr.locksmith.key_or_lock_work,,,,,,,,,,,,BLOCKED_UNTIL_EXTERNAL_REVIEW
DE-BE-BERLIN-CAP-20,DE,DE-BE-BERLIN,20,tr.locksmith.property_unlock,,,,,,,,,,,,BLOCKED_UNTIL_EXTERNAL_REVIEW
DE-BE-BERLIN-CAP-21,DE,DE-BE-BERLIN,21,tr.locksmith.vehicle_unlock,,,,,,,,,,,,BLOCKED_UNTIL_EXTERNAL_REVIEW
DE-BE-BERLIN-CAP-22,DE,DE-BE-BERLIN,22,tr.towing.commercial_recovery,,,,,,,,,,,,BLOCKED_UNTIL_EXTERNAL_REVIEW
DE-BE-BERLIN-CAP-23,DE,DE-BE-BERLIN,23,tr.roadside_assistance.battery_jump,,,,,,,,,,,,BLOCKED_UNTIL_EXTERNAL_REVIEW
DE-BE-BERLIN-CAP-24,DE,DE-BE-BERLIN,24,tr.roadside_assistance.tire_service,,,,,,,,,,,,BLOCKED_UNTIL_EXTERNAL_REVIEW
DE-BE-BERLIN-CAP-25,DE,DE-BE-BERLIN,25,tr.roadside_assistance.roadside_mechanic,,,,,,,,,,,,BLOCKED_UNTIL_EXTERNAL_REVIEW
DE-BE-BERLIN-CAP-26,DE,DE-BE-BERLIN,26,tr.roadside_assistance.vehicle_recovery,,,,,,,,,,,,BLOCKED_UNTIL_EXTERNAL_REVIEW
DE-BE-BERLIN-CAP-27,DE,DE-BE-BERLIN,27,tr.roadside_assistance.vehicle_unlock,,,,,,,,,,,,BLOCKED_UNTIL_EXTERNAL_REVIEW
DE-BE-BERLIN-CAP-28,DE,DE-BE-BERLIN,28,tr.roadside_assistance.fuel_delivery,,,,,,,,,,,,BLOCKED_UNTIL_EXTERNAL_REVIEW
DE-BE-BERLIN-CAP-29,DE,DE-BE-BERLIN,29,tr.courier.urban_motor_courier,,,,,,,,,,,,BLOCKED_UNTIL_EXTERNAL_REVIEW
DE-BE-BERLIN-CAP-30,DE,DE-BE-BERLIN,30,tr.courier.national_courier,,,,,,,,,,,,BLOCKED_UNTIL_EXTERNAL_REVIEW
DE-BE-BERLIN-CAP-31,DE,DE-BE-BERLIN,31,tr.courier.pedestrian_or_bicycle,,,,,,,,,,,,BLOCKED_UNTIL_EXTERNAL_REVIEW
DE-BE-BERLIN-CAP-32,DE,DE-BE-BERLIN,32,tr.furniture.assembly,,,,,,,,,,,,BLOCKED_UNTIL_EXTERNAL_REVIEW
DE-BE-BERLIN-CAP-33,DE,DE-BE-BERLIN,33,tr.furniture.wood_manufacturing,,,,,,,,,,,,BLOCKED_UNTIL_EXTERNAL_REVIEW
DE-BE-BERLIN-CAP-34,DE,DE-BE-BERLIN,34,tr.automotive.mechanic,,,,,,,,,,,,BLOCKED_UNTIL_EXTERNAL_REVIEW
DE-BE-BERLIN-CAP-35,DE,DE-BE-BERLIN,35,tr.automotive.electromechanic,,,,,,,,,,,,BLOCKED_UNTIL_EXTERNAL_REVIEW
DE-BE-BERLIN-CAP-36,DE,DE-BE-BERLIN,36,tr.automotive.tire,,,,,,,,,,,,BLOCKED_UNTIL_EXTERNAL_REVIEW
DE-BE-BERLIN-CAP-37,DE,DE-BE-BERLIN,37,tr.automotive.body_and_paint,,,,,,,,,,,,BLOCKED_UNTIL_EXTERNAL_REVIEW
DE-BE-BERLIN-CAP-38,DE,DE-BE-BERLIN,38,tr.automotive.authorized_service_claim,,,,,,,,,,,,BLOCKED_UNTIL_EXTERNAL_REVIEW
DE-BE-BERLIN-CAP-30001,DE,DE-BE-BERLIN,30001,towing,,,,,,,,,,,,BLOCKED_UNTIL_EXTERNAL_REVIEW
DE-BE-BERLIN-CAP-30003,DE,DE-BE-BERLIN,30003,courier,,,,,,,,,,,,BLOCKED_UNTIL_EXTERNAL_REVIEW
DE-BE-BERLIN-CAP-30004,DE,DE-BE-BERLIN,30004,roadside,,,,,,,,,,,,BLOCKED_UNTIL_EXTERNAL_REVIEW
DE-BE-BERLIN-CAP-60001,DE,DE-BE-BERLIN,60001,tr-gold-cleaning-1-standart-ev-temizligi,,,,,,,,,,,,BLOCKED_UNTIL_EXTERNAL_REVIEW
DE-BE-BERLIN-CAP-60002,DE,DE-BE-BERLIN,60002,tr-gold-plumbing-1-s-hhi-tesisat-montaj-yeni-hat-armatur,,,,,,,,,,,,BLOCKED_UNTIL_EXTERNAL_REVIEW
DE-BE-BERLIN-CAP-60003,DE,DE-BE-BERLIN,60003,tr-gold-plumbing-2-bak-m-ar-za-onar-m,,,,,,,,,,,,BLOCKED_UNTIL_EXTERNAL_REVIEW
DE-BE-BERLIN-CAP-60004,DE,DE-BE-BERLIN,60004,tr-gold-plumbing-3-su-sayac-muhurlu-idare-ekipman,,,,,,,,,,,,BLOCKED_UNTIL_EXTERNAL_REVIEW
DE-BE-BERLIN-CAP-60005,DE,DE-BE-BERLIN,60005,tr-gold-electrical-1-konut-ic-tesisat-priz-anahtar-ayd-nlatma-ar-za,,,,,,,,,,,,BLOCKED_UNTIL_EXTERNAL_REVIEW
DE-BE-BERLIN-CAP-60006,DE,DE-BE-BERLIN,60006,tr-gold-electrical-2-pano-yeni-esasl-tesisat-proje-yetki-s-n-r-doguran-is,,,,,,,,,,,,BLOCKED_UNTIL_EXTERNAL_REVIEW
DE-BE-BERLIN-CAP-60007,DE,DE-BE-BERLIN,60007,tr-gold-electrical-3-elektrik-sayac-muhurlu-dag-t-m-ekipman,,,,,,,,,,,,BLOCKED_UNTIL_EXTERNAL_REVIEW
DE-BE-BERLIN-CAP-60008,DE,DE-BE-BERLIN,60008,tr-gold-painting-1-ic-d-s-cephe-insaat-boyac-l-g,,,,,,,,,,,,BLOCKED_UNTIL_EXTERNAL_REVIEW
DE-BE-BERLIN-CAP-60009,DE,DE-BE-BERLIN,60009,tr-gold-air_conditioning-1-filtre-d-s-temizlik-sogutucu-devreye-mudahale-yok,,,,,,,,,,,,BLOCKED_UNTIL_EXTERNAL_REVIEW
DE-BE-BERLIN-CAP-60010,DE,DE-BE-BERLIN,60010,tr-gold-air_conditioning-2-montaj-demontaj-servis,,,,,,,,,,,,BLOCKED_UNTIL_EXTERNAL_REVIEW
DE-BE-BERLIN-CAP-60011,DE,DE-BE-BERLIN,60011,tr-gold-air_conditioning-3-sogutucu-gaz-devresi-vakum-sarj-geri-kazan-m-kacak,,,,,,,,,,,,BLOCKED_UNTIL_EXTERNAL_REVIEW
DE-BE-BERLIN-CAP-60012,DE,DE-BE-BERLIN,60012,tr-gold-heating-1-s-tma-tesisat-bak-m-onar-m-servis,,,,,,,,,,,,BLOCKED_UNTIL_EXTERNAL_REVIEW
DE-BE-BERLIN-CAP-60013,DE,DE-BE-BERLIN,60013,tr-gold-heating-2-gaz-yak-c-cihaz-kombi-servis,,,,,,,,,,,,BLOCKED_UNTIL_EXTERNAL_REVIEW
DE-BE-BERLIN-CAP-60014,DE,DE-BE-BERLIN,60014,tr-gold-heating-3-dogal-gaz-ic-tesisat-borulama-baglant-test-bak-m,,,,,,,,,,,,BLOCKED_UNTIL_EXTERNAL_REVIEW
DE-BE-BERLIN-CAP-60015,DE,DE-BE-BERLIN,60015,tr-gold-moving-1-yurtici-ticari-ev-ve-buro-esyas-tas-ma,,,,,,,,,,,,BLOCKED_UNTIL_EXTERNAL_REVIEW
DE-BE-BERLIN-CAP-60016,DE,DE-BE-BERLIN,60016,tr-gold-moving-2-uluslararas-yurtici-ticari-ev-buro-esyas,,,,,,,,,,,,BLOCKED_UNTIL_EXTERNAL_REVIEW
DE-BE-BERLIN-CAP-60017,DE,DE-BE-BERLIN,60017,tr-gold-moving-3-yurtici-genel-ticari-esya-ev-buro-d-s,,,,,,,,,,,,BLOCKED_UNTIL_EXTERNAL_REVIEW
DE-BE-BERLIN-CAP-60018,DE,DE-BE-BERLIN,60018,tr-gold-moving-4-asansorlu-nakliye-mobil-vinc-kald-rma-ekipman,,,,,,,,,,,,BLOCKED_UNTIL_EXTERNAL_REVIEW
DE-BE-BERLIN-CAP-60019,DE,DE-BE-BERLIN,60019,tr-gold-locksmith-1-anahtar-cogaltma-kilit-montaj-onar-m,,,,,,,,,,,,BLOCKED_UNTIL_EXTERNAL_REVIEW
DE-BE-BERLIN-CAP-60020,DE,DE-BE-BERLIN,60020,tr-gold-locksmith-2-konut-isyeri-acil-kap-acma,,,,,,,,,,,,BLOCKED_UNTIL_EXTERNAL_REVIEW
DE-BE-BERLIN-CAP-60021,DE,DE-BE-BERLIN,60021,tr-gold-locksmith-3-arac-kilidi-acma,,,,,,,,,,,,BLOCKED_UNTIL_EXTERNAL_REVIEW
DE-BE-BERLIN-CAP-60022,DE,DE-BE-BERLIN,60022,tr-gold-towing-1-ticari-arac-kurtarma-cekme-tas-ma,,,,,,,,,,,,BLOCKED_UNTIL_EXTERNAL_REVIEW
DE-BE-BERLIN-CAP-60023,DE,DE-BE-BERLIN,60023,tr-gold-roadside_assistance-1-aku-takviyesi-basit-destek,,,,,,,,,,,,BLOCKED_UNTIL_EXTERNAL_REVIEW
DE-BE-BERLIN-CAP-60024,DE,DE-BE-BERLIN,60024,tr-gold-roadside_assistance-2-lastik-jant-bak-m-onar-m,,,,,,,,,,,,BLOCKED_UNTIL_EXTERNAL_REVIEW
DE-BE-BERLIN-CAP-60025,DE,DE-BE-BERLIN,60025,tr-gold-roadside_assistance-3-yol-ustu-mekanik-ar-za-tespit-onar-m,,,,,,,,,,,,BLOCKED_UNTIL_EXTERNAL_REVIEW
DE-BE-BERLIN-CAP-60026,DE,DE-BE-BERLIN,60026,tr-gold-roadside_assistance-4-arac-cekme-kurtarma,,,,,,,,,,,,BLOCKED_UNTIL_EXTERNAL_REVIEW
DE-BE-BERLIN-CAP-60027,DE,DE-BE-BERLIN,60027,tr-gold-roadside_assistance-5-arac-kilidi-acma,,,,,,,,,,,,BLOCKED_UNTIL_EXTERNAL_REVIEW
DE-BE-BERLIN-CAP-60028,DE,DE-BE-BERLIN,60028,tr-gold-roadside_assistance-6-yolda-yak-t-ulast-rma,,,,,,,,,,,,BLOCKED_UNTIL_EXTERNAL_REVIEW
DE-BE-BERLIN-CAP-60029,DE,DE-BE-BERLIN,60029,tr-gold-courier-1-ilici-motorlu-kurye,,,,,,,,,,,,BLOCKED_UNTIL_EXTERNAL_REVIEW
DE-BE-BERLIN-CAP-60030,DE,DE-BE-BERLIN,60030,tr-gold-courier-2-yurtici-genis-kapsam-dag-t-m-kurye,,,,,,,,,,,,BLOCKED_UNTIL_EXTERNAL_REVIEW
DE-BE-BERLIN-CAP-60031,DE,DE-BE-BERLIN,60031,tr-gold-courier-3-yaya-bisikletli-kurye,,,,,,,,,,,,BLOCKED_UNTIL_EXTERNAL_REVIEW
DE-BE-BERLIN-CAP-60032,DE,DE-BE-BERLIN,60032,tr-gold-furniture-1-haz-r-mobilya-dekorasyon-montaj,,,,,,,,,,,,BLOCKED_UNTIL_EXTERNAL_REVIEW
DE-BE-BERLIN-CAP-60033,DE,DE-BE-BERLIN,60033,tr-gold-furniture-2-ahsap-mobilya-imalat-imalat-kapsaml-onar-m,,,,,,,,,,,,BLOCKED_UNTIL_EXTERNAL_REVIEW
DE-BE-BERLIN-CAP-60034,DE,DE-BE-BERLIN,60034,tr-gold-automotive-1-motor-mekanik-bak-m-ar-za-tespit-ve-onar-m,,,,,,,,,,,,BLOCKED_UNTIL_EXTERNAL_REVIEW
DE-BE-BERLIN-CAP-60035,DE,DE-BE-BERLIN,60035,tr-gold-automotive-2-otomotiv-elektrik-elektronik-elektromekanik,,,,,,,,,,,,BLOCKED_UNTIL_EXTERNAL_REVIEW
DE-BE-BERLIN-CAP-60036,DE,DE-BE-BERLIN,60036,tr-gold-automotive-3-lastik-jant,,,,,,,,,,,,BLOCKED_UNTIL_EXTERNAL_REVIEW
DE-BE-BERLIN-CAP-60037,DE,DE-BE-BERLIN,60037,tr-gold-automotive-4-govde-kaporta-boya-onar-m,,,,,,,,,,,,BLOCKED_UNTIL_EXTERNAL_REVIEW
DE-BE-BERLIN-CAP-60038,DE,DE-BE-BERLIN,60038,tr-gold-automotive-5-marka-yetkili-servis-iddias,,,,,,,,,,,,BLOCKED_UNTIL_EXTERNAL_REVIEW
